/*
SQLyog Community v12.5.0 (64 bit)
MySQL - 5.6.32-78.1 : Database - demoappo_receipt
*********************************************************************
*/

/*!40101 SET NAMES utf8 */;

/*!40101 SET SQL_MODE=''*/;

/*!40014 SET @OLD_UNIQUE_CHECKS=@@UNIQUE_CHECKS, UNIQUE_CHECKS=0 */;
/*!40014 SET @OLD_FOREIGN_KEY_CHECKS=@@FOREIGN_KEY_CHECKS, FOREIGN_KEY_CHECKS=0 */;
/*!40101 SET @OLD_SQL_MODE=@@SQL_MODE, SQL_MODE='NO_AUTO_VALUE_ON_ZERO' */;
/*!40111 SET @OLD_SQL_NOTES=@@SQL_NOTES, SQL_NOTES=0 */;
CREATE DATABASE /*!32312 IF NOT EXISTS*/`demoappo_receipt` /*!40100 DEFAULT CHARACTER SET latin1 */;

USE `demoappo_receipt`;

/*Table structure for table `activities` */

DROP TABLE IF EXISTS `activities`;

CREATE TABLE `activities` (
  `id` bigint(20) unsigned NOT NULL AUTO_INCREMENT,
  `user_id` bigint(20) unsigned NOT NULL,
  `action` enum('view') COLLATE utf8mb4_unicode_ci DEFAULT 'view',
  `action_id` bigint(20) unsigned NOT NULL,
  `object` enum('photo','coupon') COLLATE utf8mb4_unicode_ci DEFAULT NULL,
  `object_id` bigint(20) unsigned NOT NULL,
  `actor_id` bigint(20) unsigned NOT NULL,
  `visibility` int(11) NOT NULL DEFAULT '1',
  `viewed` int(11) NOT NULL DEFAULT '0',
  `created_at` timestamp NULL DEFAULT NULL,
  `updated_at` timestamp NULL DEFAULT NULL,
  `deleted_at` timestamp NULL DEFAULT NULL,
  PRIMARY KEY (`id`),
  KEY `activities_action_index` (`action`),
  KEY `activities_object_index` (`object`),
  KEY `activities_actor_id_foreign` (`actor_id`),
  KEY `activities_user_id_foreign` (`user_id`),
  CONSTRAINT `activities_actor_id_foreign` FOREIGN KEY (`actor_id`) REFERENCES `users` (`id`) ON DELETE CASCADE ON UPDATE CASCADE,
  CONSTRAINT `activities_user_id_foreign` FOREIGN KEY (`user_id`) REFERENCES `users` (`id`) ON DELETE CASCADE ON UPDATE CASCADE
) ENGINE=InnoDB DEFAULT CHARSET=utf8mb4 COLLATE=utf8mb4_unicode_ci;

/*Data for the table `activities` */

/*Table structure for table `device_token` */

DROP TABLE IF EXISTS `device_token`;

CREATE TABLE `device_token` (
  `id` bigint(20) unsigned NOT NULL AUTO_INCREMENT,
  `user_id` bigint(20) unsigned NOT NULL,
  `udid` varchar(255) COLLATE utf8mb4_unicode_ci NOT NULL,
  `token` varchar(255) COLLATE utf8mb4_unicode_ci NOT NULL,
  `type` enum('ios','android') COLLATE utf8mb4_unicode_ci NOT NULL DEFAULT 'ios',
  `created_at` timestamp NULL DEFAULT NULL,
  `updated_at` timestamp NULL DEFAULT NULL,
  `deleted_at` timestamp NULL DEFAULT NULL,
  PRIMARY KEY (`id`)
) ENGINE=InnoDB DEFAULT CHARSET=utf8mb4 COLLATE=utf8mb4_unicode_ci;

/*Data for the table `device_token` */

/*Table structure for table `feedback` */

DROP TABLE IF EXISTS `feedback`;

CREATE TABLE `feedback` (
  `id` int(11) NOT NULL AUTO_INCREMENT,
  `user_id` bigint(20) unsigned NOT NULL,
  `feedback` varchar(255) NOT NULL,
  `created_at` datetime DEFAULT NULL,
  `updated_at` datetime DEFAULT NULL,
  `deleted_at` datetime DEFAULT NULL,
  PRIMARY KEY (`id`),
  KEY `feedback_user_id` (`user_id`),
  CONSTRAINT `feedback_user_id` FOREIGN KEY (`user_id`) REFERENCES `users` (`id`) ON DELETE CASCADE ON UPDATE CASCADE
) ENGINE=InnoDB AUTO_INCREMENT=28 DEFAULT CHARSET=latin1;

/*Data for the table `feedback` */

insert  into `feedback`(`id`,`user_id`,`feedback`,`created_at`,`updated_at`,`deleted_at`) values 
(4,17,'sdfsdfsdf','2018-03-14 15:47:15','2018-03-14 15:47:15',NULL),
(5,26,'feedback','2018-03-16 17:51:46','2018-03-16 17:51:46',NULL),
(6,28,'jfzjtzjtz','2018-03-16 19:24:07','2018-03-16 19:24:07',NULL),
(7,31,'owais','2018-03-16 20:16:48','2018-03-16 20:16:48',NULL),
(8,32,'naram londa ka feedback','2018-03-19 10:17:37','2018-03-19 10:17:37',NULL),
(9,33,'dfgdfgdfgdfgdfg','2018-03-19 10:21:03','2018-03-19 10:21:03',NULL),
(10,34,'vkkbbkhk','2018-03-19 10:27:15','2018-03-19 10:27:15',NULL),
(11,35,'ufjgj','2018-03-19 10:34:42','2018-03-19 10:34:42',NULL),
(13,3,'test hghg','2018-03-19 10:49:20','2018-03-19 10:49:20',NULL),
(14,36,'cool cool gdgsgsvshsbsbshshshshshshshshshshshshshshshshshshshshdhdhdhdhdhdhdhdhdhdhdhdhdgdhdhdhdhdhshdhdhdhdhdgd','2018-03-19 18:16:28','2018-03-19 18:16:28',NULL),
(15,37,'owais','2018-03-20 08:57:16','2018-03-20 08:57:16',NULL),
(16,38,'I have been trying to call me','2018-03-20 10:11:06','2018-03-20 10:11:06',NULL),
(17,70,'N.  Zafar is a stupid, good-for-nothing & non-technical project manager...','2018-03-21 07:27:15','2018-03-21 07:27:15',NULL),
(18,72,'dfgdfgdfgdfgdfgasdasdasd','2018-03-21 07:37:07','2018-03-21 07:37:07',NULL),
(19,73,'Ffhfjjffjfj','2018-03-21 07:39:11','2018-03-21 07:39:11',NULL),
(20,74,'Hfhfhfhfhf','2018-03-21 07:41:52','2018-03-21 07:41:52',NULL),
(21,75,'Ndndjdsjjd','2018-03-21 07:54:41','2018-03-21 07:54:41',NULL),
(22,76,'Djjdjdjdjjdjd','2018-03-21 08:42:20','2018-03-21 08:42:20',NULL),
(23,77,'Jgjgjvkh','2018-03-21 08:48:37','2018-03-21 08:48:37',NULL),
(24,78,'Ubjbjb','2018-03-21 08:52:12','2018-03-21 08:52:12',NULL),
(25,79,'Hfajzffzjsfj','2018-03-21 09:37:51','2018-03-21 09:37:51',NULL),
(26,80,'Owais Owais Owais Owais qwerty qwerty qwerty qwerty qwerty','2018-03-21 09:48:29','2018-03-21 09:48:29',NULL),
(27,85,'Good hdhdhdhhdhdh hdhdhdhhdhdh hdhdhdhhdhdh hdhdhdhhdhdh hfjfjfjdjdjdjjddjdjdjdhdhfhdhdhdhhfhf hdhdhdhhdhdh hdhdhdhhdhdh hfhfhd','2018-03-21 14:33:42','2018-03-21 14:33:42',NULL);

/*Table structure for table `orders` */

DROP TABLE IF EXISTS `orders`;

CREATE TABLE `orders` (
  `id` bigint(20) unsigned NOT NULL AUTO_INCREMENT,
  `customer_id` bigint(20) unsigned NOT NULL,
  `amount` bigint(20) NOT NULL,
  `package` enum('Economy','Deluxe') DEFAULT NULL,
  `paid` tinyint(4) DEFAULT '0',
  `paid_date` datetime DEFAULT NULL,
  `invoice_no` bigint(20) unsigned DEFAULT NULL,
  `payment_mode` enum('CC','CASH') DEFAULT NULL,
  `created_at` datetime DEFAULT NULL,
  `updated_at` datetime DEFAULT NULL,
  `deleted_at` datetime DEFAULT NULL,
  PRIMARY KEY (`id`),
  KEY `orders_customer_id` (`customer_id`),
  CONSTRAINT `orders_customer_id` FOREIGN KEY (`customer_id`) REFERENCES `users` (`id`) ON DELETE CASCADE ON UPDATE CASCADE
) ENGINE=InnoDB AUTO_INCREMENT=5 DEFAULT CHARSET=latin1;

/*Data for the table `orders` */

insert  into `orders`(`id`,`customer_id`,`amount`,`package`,`paid`,`paid_date`,`invoice_no`,`payment_mode`,`created_at`,`updated_at`,`deleted_at`) values 
(2,3,2200,'Economy',1,'2018-02-27 12:02:00',NULL,'CC','2018-02-27 12:00:24','2018-02-27 12:02:00',NULL),
(3,3,2200,'Economy',1,'2018-03-13 08:14:52',NULL,'CC','2018-02-28 05:51:13','2018-03-13 08:14:52',NULL),
(4,3,2200,'Economy',0,NULL,NULL,'CC','2018-03-13 08:26:01','2018-03-13 08:26:01',NULL);

/*Table structure for table `text_contents` */

DROP TABLE IF EXISTS `text_contents`;

CREATE TABLE `text_contents` (
  `id` int(11) NOT NULL AUTO_INCREMENT,
  `content_type` enum('TC','PP','US') DEFAULT NULL,
  `content_text` text,
  `created_at` datetime DEFAULT NULL,
  `updated_at` datetime DEFAULT NULL,
  `deleted_at` datetime DEFAULT NULL,
  PRIMARY KEY (`id`)
) ENGINE=InnoDB AUTO_INCREMENT=7 DEFAULT CHARSET=latin1;

/*Data for the table `text_contents` */

insert  into `text_contents`(`id`,`content_type`,`content_text`,`created_at`,`updated_at`,`deleted_at`) values 
(4,'TC','1.	A person should only sign in once they have the app. After that, they should just be able to hit the app icon and it opens up for them. I do not want them to keep signing in.\n\n2.	A customer can add as many receipts as they like under a particular folder. For example, they name a folder (Bed, Bath & Beyond), they should be able to put as many receipts in that folder. The sort function should also be at that level where they can sort by date, etc.\n\n3.	I saw Store Receipts throughout the design, I am assuming a receipt can be scanned but not entered into a folder yet, is that correct?','2018-02-28 06:04:04','2018-02-28 06:04:04',NULL),
(5,'PP','1.	A person should only sign in once they have the app. After that, they should just be able to hit the app icon and it opens up for them. I do not want them to keep signing in.\n\n2.	A customer can add as many receipts as they like under a particular folder. For example, they name a folder (Bed, Bath & Beyond), they should be able to put as many receipts in that folder. The sort function should also be at that level where they can sort by date, etc.\n\n3.	I saw Store Receipts throughout the design, I am assuming a receipt can be scanned but not entered into a folder yet, is that correct?','2018-03-15 06:10:20','2018-03-15 06:10:20',NULL),
(6,'US','1.	A person should only sign in once they have the app. After that, they should just be able to hit the app icon and it opens up for them. I do not want them to keep signing in.\n\n2.	A customer can add as many receipts as they like under a particular folder. For example, they name a folder (Bed, Bath & Beyond), they should be able to put as many receipts in that folder. The sort function should also be at that level where they can sort by date, etc.\n\n3.	I saw Store Receipts throughout the design, I am assuming a receipt can be scanned but not entered into a folder yet, is that correct?','2018-03-15 07:51:26','2018-03-15 07:51:26',NULL);

/*Table structure for table `user_folders` */

DROP TABLE IF EXISTS `user_folders`;

CREATE TABLE `user_folders` (
  `id` bigint(20) unsigned NOT NULL AUTO_INCREMENT,
  `name` varchar(50) NOT NULL,
  `user_id` bigint(20) unsigned NOT NULL,
  `created_at` datetime DEFAULT NULL,
  `updated_at` datetime DEFAULT NULL,
  `deleted_at` datetime DEFAULT NULL,
  PRIMARY KEY (`id`),
  KEY `folder_user_id` (`user_id`),
  CONSTRAINT `folder_user_id` FOREIGN KEY (`user_id`) REFERENCES `users` (`id`) ON DELETE CASCADE ON UPDATE CASCADE
) ENGINE=InnoDB AUTO_INCREMENT=215 DEFAULT CHARSET=latin1;

/*Data for the table `user_folders` */

insert  into `user_folders`(`id`,`name`,`user_id`,`created_at`,`updated_at`,`deleted_at`) values 
(5,'updated folder name',3,'2018-02-27 11:54:17','2018-03-07 09:27:05','2018-03-07 09:27:05'),
(6,'test Folder mk 2',3,'2018-02-27 11:54:27','2018-03-07 09:27:05','2018-03-07 09:27:05'),
(7,'updated folder name fgsfagfhafg gsf aghfsagh',3,'2018-03-05 06:30:46','2018-03-08 13:48:58',NULL),
(8,'ajeebzzxczxcdfsfsdf',14,'2018-03-05 06:34:53','2018-03-05 10:33:27','2018-03-05 10:33:27'),
(9,'updated folder scvshgvfsjgdvchjsgjsgvjg',14,'2018-03-05 06:39:59','2018-03-08 14:15:59',NULL),
(10,'test Folder mk 3',14,'2018-03-05 06:40:15','2018-03-07 09:33:26','2018-03-07 09:33:26'),
(11,'test Folder mk 3',14,'2018-03-05 06:40:27','2018-03-07 09:33:26','2018-03-07 09:33:26'),
(12,'test Folder mk 3',14,'2018-03-05 06:40:39','2018-03-07 09:33:26','2018-03-07 09:33:26'),
(13,'test Folder mk 3',14,'2018-03-05 06:41:08','2018-03-07 09:33:26','2018-03-07 09:33:26'),
(14,'test Folder mk 3',14,'2018-03-05 08:59:56','2018-03-07 09:33:26','2018-03-07 09:33:26'),
(15,'sd',14,'2018-03-05 09:00:26','2018-03-05 09:00:26',NULL),
(16,'df',14,'2018-03-05 09:00:43','2018-03-05 09:00:43',NULL),
(17,'cv',14,'2018-03-05 09:08:45','2018-03-05 09:08:45',NULL),
(18,'s',14,'2018-03-05 09:13:31','2018-03-05 09:13:31',NULL),
(19,'first',4,'2018-03-05 10:20:43','2018-03-07 08:08:10',NULL),
(20,'updated folder name',3,'2018-03-05 10:28:04','2018-03-05 10:28:36','2018-03-05 10:28:36'),
(21,'s',14,'2018-03-05 10:30:49','2018-03-05 10:30:49',NULL),
(22,'second',4,'2018-03-05 10:31:05','2018-03-07 08:09:50',NULL),
(23,'xyz',4,'2018-03-05 10:34:31','2018-03-07 08:16:26',NULL),
(24,'Jhjhjfgdg',4,'2018-03-05 10:37:11','2018-03-05 10:37:11',NULL),
(25,'Jryjgdtuetue',4,'2018-03-05 10:38:21','2018-03-05 10:38:21',NULL),
(26,'s',14,'2018-03-05 11:10:12','2018-03-05 11:10:25','2018-03-05 11:10:25'),
(27,'sa',14,'2018-03-05 11:11:55','2018-03-05 11:12:45',NULL),
(28,'where',4,'2018-03-05 12:49:59','2018-03-07 09:01:53',NULL),
(29,'Aol',4,'2018-03-05 13:05:08','2018-03-07 08:21:08',NULL),
(30,'Tttt',4,'2018-03-05 13:06:08','2018-03-05 13:06:08',NULL),
(31,'Poi',4,'2018-03-05 13:07:43','2018-03-05 13:07:43',NULL),
(32,'Test',4,'2018-03-06 08:27:17','2018-03-06 08:27:17',NULL),
(33,'Ok',4,'2018-03-06 08:27:33','2018-03-06 08:27:33',NULL),
(34,'Eesww',4,'2018-03-06 08:29:16','2018-03-06 08:29:16',NULL),
(35,'first folder',18,'2018-03-07 15:00:07','2018-03-07 15:00:07',NULL),
(36,'First folder',17,'2018-03-08 07:05:34','2018-03-08 07:35:08','2018-03-08 07:35:08'),
(37,'Second folder',17,'2018-03-08 07:05:44','2018-03-08 07:35:33','2018-03-08 07:35:33'),
(38,'Third folder',17,'2018-03-08 07:05:52','2018-03-08 07:35:08','2018-03-08 07:35:08'),
(39,'1st',17,'2018-03-08 07:35:42','2018-03-08 07:36:24','2018-03-08 07:36:24'),
(40,'2nd',17,'2018-03-08 07:35:47','2018-03-08 07:36:24','2018-03-08 07:36:24'),
(41,'First Folder',17,'2018-03-08 07:35:55','2018-03-16 19:19:56','2018-03-16 19:19:56'),
(42,'4th',17,'2018-03-08 07:36:02','2018-03-08 07:36:24','2018-03-08 07:36:24'),
(43,'qwerty  qwerty qwerty qwerty qwerty qwerty',17,'2018-03-08 07:39:21','2018-03-16 19:19:56','2018-03-16 19:19:56'),
(44,'owais',17,'2018-03-08 07:39:27','2018-03-16 19:19:56','2018-03-16 19:19:56'),
(45,'Ejfrjt he hjg',17,'2018-03-08 07:39:31','2018-03-16 19:19:56','2018-03-16 19:19:56'),
(46,'Folder 1111123',19,'2018-03-08 08:45:55','2018-03-09 10:19:51','2018-03-09 10:19:51'),
(47,'Documents 2123',19,'2018-03-08 09:07:58','2018-03-09 10:20:26','2018-03-09 10:20:26'),
(48,'Documents 3 edit',19,'2018-03-08 09:08:25','2018-03-09 10:20:26','2018-03-09 10:20:26'),
(49,'Documents 4 edit',19,'2018-03-08 09:08:41','2018-03-09 10:20:26','2018-03-09 10:20:26'),
(50,'Documents 5',19,'2018-03-08 09:33:07','2018-03-09 10:20:26','2018-03-09 10:20:26'),
(51,'Documents 6',19,'2018-03-08 09:33:18','2018-03-09 10:20:26','2018-03-09 10:20:26'),
(52,'Documents 7',19,'2018-03-08 09:33:44','2018-03-09 10:21:03','2018-03-09 10:21:03'),
(53,'Documents 8',19,'2018-03-08 09:34:00','2018-03-09 10:21:03','2018-03-09 10:21:03'),
(54,'Documents 9',19,'2018-03-08 09:34:15','2018-03-09 10:21:03','2018-03-09 10:21:03'),
(55,'Documents 10',19,'2018-03-08 09:35:23','2018-03-09 10:21:03','2018-03-09 10:21:03'),
(56,'muhammad owais ur rehman',19,'2018-03-08 09:37:18','2018-03-09 10:21:03','2018-03-09 10:21:03'),
(57,'Documents 11',19,'2018-03-08 11:14:32','2018-03-09 10:21:03','2018-03-09 10:21:03'),
(58,'Documents 12',19,'2018-03-08 11:14:52','2018-03-09 10:21:03','2018-03-09 10:21:03'),
(59,'Documents 13',19,'2018-03-08 11:15:04','2018-03-09 10:21:03','2018-03-09 10:21:03'),
(60,'Documents 14',19,'2018-03-08 11:15:19','2018-03-09 10:21:03','2018-03-09 10:21:03'),
(61,'Documents 15',19,'2018-03-08 11:16:55','2018-03-09 10:21:50','2018-03-09 10:21:50'),
(62,'he will heart too ...........',20,'2018-03-08 12:09:31','2018-03-09 10:13:53','2018-03-09 10:13:53'),
(63,'qwerty qwerty qwerty qwerty',19,'2018-03-08 12:29:32','2018-03-09 10:21:50','2018-03-09 10:21:50'),
(64,'google',17,'2018-03-08 15:10:28','2018-03-16 19:19:55','2018-03-16 19:19:55'),
(65,'jhk',22,'2018-03-08 16:27:51','2018-03-08 16:27:51',NULL),
(66,'test',23,'2018-03-09 05:31:23','2018-03-09 05:31:23',NULL),
(67,'test',23,'2018-03-09 05:31:29','2018-03-09 05:31:29',NULL),
(68,'owais owais owais owais owais',24,'2018-03-09 09:42:51','2018-03-09 10:14:48','2018-03-09 10:14:48'),
(69,'h',20,'2018-03-09 09:53:11','2018-03-09 10:13:53','2018-03-09 10:13:53'),
(70,'hgf',20,'2018-03-09 09:55:10','2018-03-09 10:13:53','2018-03-09 10:13:53'),
(71,'work',17,'2018-03-09 09:55:43','2018-03-16 19:19:55','2018-03-16 19:19:55'),
(72,'family',17,'2018-03-09 09:55:55','2018-03-16 19:19:55','2018-03-16 19:19:55'),
(73,'personal',17,'2018-03-09 09:56:23','2018-03-16 19:19:55','2018-03-16 19:19:55'),
(74,'weird',17,'2018-03-09 09:56:41','2018-03-16 19:19:55','2018-03-16 19:19:55'),
(75,'updated pole',17,'2018-03-09 09:56:50','2018-03-16 19:19:55','2018-03-16 19:19:55'),
(76,'PM',17,'2018-03-09 09:56:59','2018-03-16 19:19:55','2018-03-16 19:19:55'),
(77,'did',20,'2018-03-09 09:57:36','2018-03-09 10:13:53','2018-03-09 10:13:53'),
(78,'didid',20,'2018-03-09 09:57:43','2018-03-09 10:13:53','2018-03-09 10:13:53'),
(79,'owais',20,'2018-03-09 09:58:02','2018-03-09 10:13:52','2018-03-09 10:13:52'),
(80,'youo',20,'2018-03-09 09:58:24','2018-03-09 10:13:52','2018-03-09 10:13:52'),
(81,'folder 1',20,'2018-03-09 10:13:16','2018-03-09 10:13:52','2018-03-09 10:13:52'),
(82,'owais',19,'2018-03-09 10:19:58','2018-03-09 10:21:50','2018-03-09 10:21:50'),
(83,'owais 123',19,'2018-03-09 10:20:10','2018-03-09 10:21:50','2018-03-09 10:21:50'),
(84,'folder 1',19,'2018-03-09 10:22:22','2018-03-09 10:23:54','2018-03-09 10:23:54'),
(85,'folder 2',19,'2018-03-09 10:22:32','2018-03-09 10:23:54','2018-03-09 10:23:54'),
(86,'folder 3',19,'2018-03-09 10:22:37','2018-03-09 10:23:54','2018-03-09 10:23:54'),
(87,'folder 4',19,'2018-03-09 10:22:42','2018-03-09 10:23:54','2018-03-09 10:23:54'),
(88,'folder 5',19,'2018-03-09 10:22:54','2018-03-09 10:23:54','2018-03-09 10:23:54'),
(89,'folder 6',19,'2018-03-09 10:23:05','2018-03-09 10:23:05',NULL),
(90,'folder 7',19,'2018-03-09 10:23:13','2018-03-09 10:23:13',NULL),
(91,'folder 8',19,'2018-03-09 10:23:20','2018-03-09 10:23:20',NULL),
(92,'folder 9',19,'2018-03-09 10:23:28','2018-03-09 10:23:28',NULL),
(93,'qwerty',24,'2018-03-09 10:26:18','2018-03-09 10:26:18',NULL),
(94,'Hassan folder 123',24,'2018-03-09 10:26:32','2018-03-09 10:26:32',NULL),
(95,'owais',20,'2018-03-09 10:30:47','2018-03-09 10:32:43','2018-03-09 10:32:43'),
(96,'fahad',20,'2018-03-09 10:33:06','2018-03-09 10:33:25','2018-03-09 10:33:25'),
(97,'the mall launch app',20,'2018-03-09 10:33:18','2018-03-09 10:34:13','2018-03-09 10:34:13'),
(98,'admim',20,'2018-03-09 10:33:49','2018-03-09 10:34:13','2018-03-09 10:34:13'),
(99,'administrative qwer',20,'2018-03-09 10:33:58','2018-03-09 10:34:13','2018-03-09 10:34:13'),
(100,'fahad',20,'2018-03-09 10:34:33','2018-03-09 10:34:33',NULL),
(101,'google',25,'2018-03-09 10:46:29','2018-03-09 10:47:15','2018-03-09 10:47:15'),
(102,'enexus',25,'2018-03-09 10:46:42','2018-03-09 10:47:15','2018-03-09 10:47:15'),
(103,'nexus',25,'2018-03-09 10:46:52','2018-03-09 10:53:36','2018-03-09 10:53:36'),
(104,'hack',25,'2018-03-09 10:47:09','2018-03-09 10:47:53','2018-03-09 10:47:53'),
(105,'owais',25,'2018-03-09 10:52:55','2018-03-09 10:53:36','2018-03-09 10:53:36'),
(106,'fahad',25,'2018-03-09 10:52:59','2018-03-09 10:53:36','2018-03-09 10:53:36'),
(107,'folder 1',25,'2018-03-09 10:53:07','2018-03-09 10:53:07',NULL),
(108,'folder 2',25,'2018-03-09 10:53:14','2018-03-09 10:53:14',NULL),
(109,'folder 3',25,'2018-03-09 10:53:26','2018-03-09 10:53:26',NULL),
(110,'Weird',17,'2018-03-13 11:07:17','2018-03-16 19:19:55','2018-03-16 19:19:55'),
(111,'Ajeeb',17,'2018-03-13 11:10:40','2018-03-16 19:19:55','2018-03-16 19:19:55'),
(112,'Ajeeb folder',17,'2018-03-13 11:33:46','2018-03-16 19:19:55','2018-03-16 19:19:55'),
(113,'lock',17,'2018-03-13 11:39:37','2018-03-16 19:19:55','2018-03-16 19:19:55'),
(114,'test Folder mk 4',17,'2018-03-14 08:00:23','2018-03-15 06:57:23','2018-03-15 06:57:23'),
(115,'test Folder mk 4',17,'2018-03-14 08:00:25','2018-03-15 07:01:25','2018-03-15 07:01:25'),
(116,'test Folder mk 4',17,'2018-03-14 08:00:27','2018-03-15 07:05:58','2018-03-15 07:05:58'),
(117,'test Folder mk 4',17,'2018-03-14 08:00:28','2018-03-16 19:19:55','2018-03-16 19:19:55'),
(118,'test Folder mk 4',17,'2018-03-14 08:00:28','2018-03-16 19:19:55','2018-03-16 19:19:55'),
(119,'test Folder mk 4',17,'2018-03-14 08:00:29','2018-03-16 19:19:55','2018-03-16 19:19:55'),
(120,'test Folder mk 4',17,'2018-03-14 08:00:31','2018-03-16 19:19:55','2018-03-16 19:19:55'),
(121,'test Folder mk 4',17,'2018-03-14 08:00:32','2018-03-14 14:44:36','2018-03-14 14:44:36'),
(122,'naya',17,'2018-03-16 11:57:24','2018-03-16 19:19:55','2018-03-16 19:19:55'),
(123,'folder 1',26,'2018-03-16 15:49:25','2018-03-16 15:49:25',NULL),
(124,'folder 2',26,'2018-03-16 16:53:28','2018-03-16 16:58:03','2018-03-16 16:58:03'),
(125,'A',28,'2018-03-16 19:16:50','2018-03-16 19:16:50',NULL),
(126,'B',28,'2018-03-16 19:16:55','2018-03-16 19:16:55',NULL),
(127,'C',28,'2018-03-16 19:16:59','2018-03-16 19:16:59',NULL),
(128,'B',28,'2018-03-16 19:17:05','2018-03-16 19:17:10','2018-03-16 19:17:10'),
(129,'new folder',17,'2018-03-16 19:20:54','2018-03-17 02:21:20','2018-03-17 02:21:20'),
(130,'D',28,'2018-03-16 19:21:07','2018-03-16 19:21:07',NULL),
(131,'E',28,'2018-03-16 19:22:37','2018-03-16 19:22:37',NULL),
(132,'owais',28,'2018-03-16 19:34:40','2018-03-16 19:34:40',NULL),
(133,'Apple',28,'2018-03-16 19:35:01','2018-03-16 19:35:01',NULL),
(134,'application',28,'2018-03-16 19:35:17','2018-03-16 19:35:17',NULL),
(135,'Application',31,'2018-03-16 20:02:48','2018-03-16 20:02:48',NULL),
(136,'Book',31,'2018-03-16 20:02:57','2018-03-16 20:02:57',NULL),
(137,'Class',31,'2018-03-16 20:03:03','2018-03-16 20:03:03',NULL),
(138,'Dog File',31,'2018-03-16 20:03:20','2018-03-16 20:03:38',NULL),
(139,'Enable List',31,'2018-03-16 20:04:10','2018-03-16 20:04:10',NULL),
(140,'Folder One',31,'2018-03-16 20:04:24','2018-03-16 20:04:24',NULL),
(141,'Element',31,'2018-03-16 20:06:22','2018-03-16 20:06:22',NULL),
(142,'Fish',31,'2018-03-16 20:06:39','2018-03-16 20:06:39',NULL),
(143,'Glass',31,'2018-03-16 20:06:52','2018-03-16 20:06:52',NULL),
(144,'Owais',31,'2018-03-16 20:08:32','2018-03-16 23:35:06','2018-03-16 23:35:06'),
(145,'Ponka',31,'2018-03-16 20:08:40','2018-03-16 20:08:53','2018-03-16 20:08:53'),
(146,'Class',31,'2018-03-16 20:11:14','2018-03-16 20:15:39',NULL),
(147,'Apple',31,'2018-03-16 20:11:22','2018-03-16 20:11:22',NULL),
(148,'Ball',31,'2018-03-16 20:11:32','2018-03-16 20:11:32',NULL),
(149,'Bank',31,'2018-03-16 20:11:44','2018-03-16 20:11:44',NULL),
(150,'Test',31,'2018-03-16 20:23:12','2018-03-16 23:35:06','2018-03-16 23:35:06'),
(151,'folder 1',17,'2018-03-17 02:21:34','2018-03-19 12:16:39','2018-03-19 12:16:39'),
(152,'jyynn',17,'2018-03-19 09:20:00','2018-03-19 11:46:09','2018-03-19 11:46:09'),
(153,'jfhgfh',17,'2018-03-19 11:54:43','2018-03-19 11:54:48','2018-03-19 11:54:48'),
(154,'YouTube file',17,'2018-03-19 12:17:07','2018-03-19 15:36:26','2018-03-19 15:36:26'),
(155,'ajeeb folder',17,'2018-03-19 12:34:31','2018-03-19 15:36:26','2018-03-19 15:36:26'),
(156,'owais',17,'2018-03-19 14:49:07','2018-03-19 15:36:26','2018-03-19 15:36:26'),
(157,'Folder One 1',17,'2018-03-19 15:38:56','2018-03-19 17:42:48','2018-03-19 17:42:48'),
(158,'fool',17,'2018-03-19 17:42:33','2018-03-19 17:42:48','2018-03-19 17:42:48'),
(159,'Samsung S4',36,'2018-03-19 17:46:00','2018-03-19 17:46:00',NULL),
(160,'ILMA folder',36,'2018-03-19 17:52:10','2018-03-19 17:52:10',NULL),
(161,'#//#/&/@',36,'2018-03-19 18:07:24','2018-03-19 18:07:24',NULL),
(162,'vhhg',36,'2018-03-19 18:10:28','2018-03-19 18:10:28',NULL),
(163,'test',36,'2018-03-19 18:13:50','2018-03-19 18:13:50',NULL),
(164,'owais',37,'2018-03-20 08:58:43','2018-03-20 08:58:43',NULL),
(165,'testtest',37,'2018-03-20 09:26:50','2018-03-20 09:26:50',NULL),
(166,'coolndndj',38,'2018-03-20 09:52:31','2018-03-20 10:04:19','2018-03-20 10:04:19'),
(167,'thanks again for the great job on do of',38,'2018-03-20 10:03:40','2018-03-20 10:04:19','2018-03-20 10:04:19'),
(168,'thanks again to party City and u I will i',38,'2018-03-20 10:04:36','2018-03-20 10:04:36',NULL),
(169,'I have to go get my truck',38,'2018-03-20 10:09:10','2018-03-20 10:09:10',NULL),
(170,'thanks for the',38,'2018-03-20 10:11:25','2018-03-20 10:11:25',NULL),
(171,'I have been',38,'2018-03-20 10:11:31','2018-03-20 10:11:31',NULL),
(172,'thanks so',38,'2018-03-20 10:11:35','2018-03-20 10:11:35',NULL),
(173,'really appreciate',38,'2018-03-20 10:11:39','2018-03-20 10:11:39',NULL),
(174,'my husband will',38,'2018-03-20 10:11:44','2018-03-20 10:11:44',NULL),
(175,'my request for',38,'2018-03-20 10:11:59','2018-03-20 10:11:59',NULL),
(176,'I have been working',38,'2018-03-20 10:12:22','2018-03-20 10:12:22',NULL),
(177,'kkkkk. n b',38,'2018-03-20 10:12:35','2018-03-20 10:12:35',NULL),
(178,'tomorrowowaiw owaie today today today schoo  vicel',38,'2018-03-20 10:27:38','2018-03-20 10:28:23',NULL),
(179,'hello',37,'2018-03-20 10:33:04','2018-03-20 10:33:04',NULL),
(180,'new receipts',17,'2018-03-20 12:04:46','2018-03-20 12:04:46',NULL),
(181,'new receipts',17,'2018-03-20 12:04:47','2018-03-20 12:04:47',NULL),
(182,'dnjdkd',17,'2018-03-20 18:48:36','2018-03-20 18:48:36',NULL),
(183,'Owais Folder One',80,'2018-03-21 09:48:58','2018-03-21 09:55:37',NULL),
(184,'yoyoyot',80,'2018-03-21 10:02:18','2018-03-21 12:14:09','2018-03-21 12:14:09'),
(185,'Folder One 1',54,'2018-03-21 11:32:51','2018-03-21 11:34:55','2018-03-21 11:34:55'),
(186,'Folder Twobcbdbdbdb Vvvvvfjfjfjf Itututututuru Mvn',54,'2018-03-21 11:33:57','2018-03-21 11:34:55','2018-03-21 11:34:55'),
(187,'Tooo',54,'2018-03-21 11:35:23','2018-03-21 11:59:12','2018-03-21 11:59:12'),
(188,'Tyt Woooooo',54,'2018-03-21 11:35:43','2018-03-21 11:59:11','2018-03-21 11:59:11'),
(189,'Facebook',48,'2018-03-21 11:51:44','2018-03-21 11:51:44',NULL),
(190,'Tweeter',70,'2018-03-21 11:54:20','2018-03-21 11:54:20',NULL),
(191,'Google',54,'2018-03-21 12:00:04','2018-03-21 12:00:04',NULL),
(192,'Owais Document Folder',80,'2018-03-21 12:10:03','2018-03-21 12:10:03',NULL),
(193,'AbcTestingnfnfn',48,'2018-03-21 12:26:44','2018-03-21 15:55:28',NULL),
(194,'Folder One',85,'2018-03-21 14:25:56','2018-03-21 14:25:56',NULL),
(195,'Folder Two',85,'2018-03-21 14:26:08','2018-03-21 14:26:08',NULL),
(196,'Apple One',85,'2018-03-21 14:34:46','2018-03-21 14:34:46',NULL),
(197,'Apple Two',85,'2018-03-21 14:34:52','2018-03-21 14:34:52',NULL),
(198,'Apple Three',85,'2018-03-21 14:34:59','2018-03-21 14:34:59',NULL),
(199,'Book One',85,'2018-03-21 14:35:20','2018-03-21 14:35:20',NULL),
(200,'Hfhfhfhfhfhfhfhfhdhfhffhdhfhfhfhfhfhfhfhfh Do Fhh',85,'2018-03-21 15:04:53','2018-03-21 15:04:53',NULL),
(201,'Gdhdhddhdgdgdhdgdgdgdgdgdgdgdgdgdgddddgddgdgdg Do',85,'2018-03-21 15:05:11','2018-03-21 15:05:11',NULL),
(202,'Gooo',85,'2018-03-21 15:05:16','2018-03-21 15:29:00','2018-03-21 15:29:00'),
(203,'Yooy',85,'2018-03-21 15:05:43','2018-03-21 15:29:00','2018-03-21 15:29:00'),
(204,'#_&&$&+_$#',85,'2018-03-21 15:27:40','2018-03-21 15:27:40',NULL),
(205,'Hdjcnd',85,'2018-03-21 15:29:17','2018-03-21 15:29:17',NULL),
(206,'Hsbbdb',85,'2018-03-21 15:34:55','2018-03-21 15:34:55',NULL),
(207,'Jfnfnfnjfnxndnfngnnfgnng My Ngngnmfmdmvgmmabgbnd',48,'2018-03-21 15:57:33','2018-03-21 15:58:33',NULL),
(208,'Shshs',26,'2018-03-21 18:21:33','2018-03-21 18:21:33',NULL),
(209,'Zzz',26,'2018-03-21 18:21:40','2018-03-21 18:21:40',NULL),
(210,'Kk',26,'2018-03-21 18:21:49','2018-03-21 18:21:49',NULL),
(211,'Nn',26,'2018-03-21 18:22:56','2018-03-21 18:22:56',NULL),
(212,'Gg',26,'2018-03-21 18:23:00','2018-03-21 18:23:00',NULL),
(213,'Ff',26,'2018-03-21 18:23:03','2018-03-21 18:23:03',NULL),
(214,'Shshhshsshhshshshshsshshshhsshshshshshshshshshshsg',26,'2018-03-21 18:23:11','2018-03-21 18:23:11',NULL);

/*Table structure for table `user_profile_actions` */

DROP TABLE IF EXISTS `user_profile_actions`;

CREATE TABLE `user_profile_actions` (
  `id` int(11) unsigned NOT NULL AUTO_INCREMENT,
  `user_id` bigint(20) unsigned DEFAULT NULL,
  `profile_id` int(11) DEFAULT NULL,
  `type` enum('view','report') DEFAULT 'view',
  `created_at` datetime DEFAULT NULL,
  `updated_at` datetime DEFAULT NULL,
  `deleted_at` datetime DEFAULT NULL,
  PRIMARY KEY (`id`)
) ENGINE=MyISAM DEFAULT CHARSET=latin1;

/*Data for the table `user_profile_actions` */

/*Table structure for table `user_receipts` */

DROP TABLE IF EXISTS `user_receipts`;

CREATE TABLE `user_receipts` (
  `id` bigint(20) unsigned NOT NULL AUTO_INCREMENT,
  `folder_id` bigint(20) unsigned NOT NULL,
  `doc_type` enum('receipt','coupon','giftcard') DEFAULT NULL,
  `doc_name` varchar(50) NOT NULL,
  `file_type` varchar(25) DEFAULT NULL,
  `original_name` varchar(255) DEFAULT NULL,
  `path` varchar(255) DEFAULT NULL,
  `receipt_date` datetime DEFAULT NULL,
  `expiry_date` datetime DEFAULT NULL,
  `notes` varchar(255) DEFAULT NULL,
  `gift_card_value` float DEFAULT NULL,
  `created_at` datetime DEFAULT NULL,
  `updated_at` datetime DEFAULT NULL,
  `deleted_at` datetime DEFAULT NULL,
  PRIMARY KEY (`id`),
  KEY `receipt_folder_id` (`folder_id`),
  CONSTRAINT `receipt_folder_id` FOREIGN KEY (`folder_id`) REFERENCES `user_folders` (`id`) ON DELETE CASCADE ON UPDATE CASCADE
) ENGINE=InnoDB AUTO_INCREMENT=235 DEFAULT CHARSET=latin1;

/*Data for the table `user_receipts` */

insert  into `user_receipts`(`id`,`folder_id`,`doc_type`,`doc_name`,`file_type`,`original_name`,`path`,`receipt_date`,`expiry_date`,`notes`,`gift_card_value`,`created_at`,`updated_at`,`deleted_at`) values 
(6,5,'receipt','task 2','image/jpeg','Chrysanthemum.jpg','l0g4alKNui2eCnMGpoApXyXsQhebvwZQacLQCWgH.jpeg','2018-02-22 06:44:26','2018-02-23 06:44:26','test task',NULL,'2018-02-27 11:55:06','2018-03-07 09:27:05','2018-03-07 09:27:05'),
(7,6,'receipt','task 2','image/jpeg','Lighthouse.jpg','2um70WdjZ9kmybkvnftTi8U8nhNgje4IHYw2lT3H.jpeg','2018-02-22 06:44:26','2018-02-23 06:44:26','test task',NULL,'2018-02-27 11:55:44','2018-03-07 09:27:05','2018-03-07 09:27:05'),
(8,5,'receipt','task update 1','image/jpeg','Chrysanthemum.jpg','G3nGgxSa1NjYDoglIzQz1uO69Eded4rsjwPbgmYf.jpeg','2018-02-22 06:44:26','2018-02-23 06:44:26','test task',NULL,'2018-03-05 10:32:34','2018-03-07 09:27:05','2018-03-07 09:27:05'),
(9,9,'receipt','task update 1','image/jpeg','bat.jpg','NLGz7pCxipYjG0Lc7V8OnJidMZReV1Mr6LIwVzKJ.jpeg','2018-02-22 06:44:26','2018-02-23 06:44:26','test task',NULL,'2018-03-08 07:50:21','2018-03-08 10:02:31',NULL),
(10,7,'receipt','task 3','image/jpeg','Hydrangeas.jpg','DaZh0Bd0L2bF44yKuxgFLO4piRLFFrns5YE3yJq1.jpeg','2018-02-22 06:44:26','2018-02-23 06:44:26','test task',NULL,'2018-03-08 10:46:07','2018-03-08 10:48:01','2018-03-08 10:48:01'),
(11,7,'receipt','task 4','image/jpeg','Hydrangeas.jpg','0jFf3tQ4GFFLMLKzeokCdnZCrQ0659A4jN4yvL50.jpeg','2018-02-22 06:44:26','2018-02-23 06:44:26','test task',NULL,'2018-03-08 10:46:14','2018-03-08 10:48:01','2018-03-08 10:48:01'),
(12,7,'receipt','task 5','image/jpeg','Hydrangeas.jpg','zbIbnCGJmXWHOEUG95r4YamZeHFYtSvulVuFqZic.jpeg','2018-02-22 06:44:26','2018-02-23 06:44:26','test task',NULL,'2018-03-08 10:46:21','2018-03-08 10:48:51','2018-03-08 10:48:51'),
(13,41,'receipt','First fgf','image/jpeg','bat.jpg','n8PzLLNqNd1SZ8v6YIqPgqyxtxMOepSHXfXx37Ut.jpeg','2018-02-22 06:44:26','2018-02-23 06:44:26','test task',NULL,'2018-03-08 13:19:25','2018-03-16 19:19:56','2018-03-16 19:19:56'),
(14,41,'receipt','Second Receipt','image/jpeg','dummy_image.jpg','w7PHRoSEq04wilDhJNAPIiv1hyCsE0ZaYtBz6lhT.jpeg','2018-02-22 06:44:26','2018-02-23 06:44:26','second task notes',NULL,'2018-03-08 13:21:52','2018-03-16 19:19:56','2018-03-16 19:19:56'),
(15,7,'giftcard','task 2','image/jpeg','Desert.jpg','AkoUehBTABE2m8XuYZSGi6pfkQe1kurBWsZS60fB.jpeg','2018-02-22 06:44:26','2018-02-23 06:44:26','test task',100.1,'2018-03-13 07:09:51','2018-03-13 07:10:42',NULL),
(16,7,'receipt','task 2','image/jpeg','Desert.jpg','GdLzd0SXhP5L4Okkm8enQWiEwdwaGhMWfvUNVKNU.jpeg','2018-02-22 06:44:26','2018-02-23 06:44:26','test task',NULL,'2018-03-13 07:11:35','2018-03-13 07:11:35',NULL),
(17,41,'receipt','task 2','image/jpeg','mkombatx.jpg','UFbVnA1NDYUPNzpUPjbNahfzi6DOp7xXg2llqhNV.jpeg','2018-02-22 06:44:26','2018-02-23 06:44:26','test task',NULL,'2018-03-13 07:35:46','2018-03-16 19:19:56','2018-03-16 19:19:56'),
(18,41,'receipt','task 2','image/jpeg','mkombatx.jpg','WPlROInwgbSZ04tovYXaeEaTsXDgkQ1WPaPDGoey.jpeg','2018-02-22 06:44:26','2018-02-23 06:44:26','test task',NULL,'2018-03-13 08:07:45','2018-03-16 19:19:56','2018-03-16 19:19:56'),
(19,41,'receipt','rec','image/jpeg','IMG_20180313_131022.jpg','jySmfI2IMSzHmvejBJxKit3kdZeSjn4NFLByas6v.jpeg','2018-02-22 06:44:26','2018-02-22 06:44:26','fbndjfj',NULL,'2018-03-13 08:11:36','2018-03-13 08:19:23','2018-03-13 08:19:23'),
(20,41,'receipt','rec','image/jpeg','IMG_20180313_131022.jpg','N6o1SBwvB2Cw8SFxj9Ut2HFAP9RFmaZNdBSVf9hc.jpeg','2018-02-22 06:44:26','2018-02-22 06:44:26','fbndjfj',NULL,'2018-03-13 08:11:43','2018-03-14 14:29:32','2018-03-14 14:29:32'),
(21,41,'coupon','coupon','image/jpeg','IMG_20180313_131742.jpg','wx35npHWWqye3ZLLNsRidEnSnde47AeUpmok7jJj.jpeg','2018-02-22 06:44:26','2018-02-22 22:44:45','hdjdjdj',NULL,'2018-03-13 08:18:41','2018-03-16 19:19:56','2018-03-16 19:19:56'),
(22,41,'coupon','coupon','image/jpeg','IMG_20180313_131742.jpg','96u2hPeLdAsrELNwsYhzRsHGjve2M10db0Xfkxyk.jpeg','2018-02-22 06:44:26','2018-02-22 22:44:45','hdjdjdj',NULL,'2018-03-13 08:18:47','2018-03-13 08:19:23','2018-03-13 08:19:23'),
(23,41,'coupon','coupon new','image/jpeg','IMG_20180313_131942.jpg','HtAx5wPso9Lfm7VoMtiq3LWy7spTDiIUMIloHGa0.jpeg','2018-02-22 06:44:26','2018-05-06 22:34:56','djddjjd',NULL,'2018-03-13 08:20:30','2018-03-16 19:19:56','2018-03-16 19:19:56'),
(24,41,'coupon','task 2','image/jpeg','mkombatx.jpg','NEvj399Moe1bQKjPZ34eyvZ14mhto7UbYpZLCqZo.jpeg','2018-02-22 06:44:26','2018-02-23 06:44:26','test task',NULL,'2018-03-13 09:31:41','2018-03-16 19:19:56','2018-03-16 19:19:56'),
(25,41,'receipt','task 2','image/jpeg','mkombatx.jpg','m7f7nYAl5410VH355WTtnUHeVNVfsWxxMNy7fGTJ.jpeg','2018-02-22 06:44:26','2018-02-23 06:44:26','test task',NULL,'2018-03-13 09:38:51','2018-03-16 19:19:56','2018-03-16 19:19:56'),
(26,41,'receipt','task 2','image/jpeg','mkombatx.jpg','ujagzKmxlh8UDrzHHRrrU3SgOtZ410GWb833x1oW.jpeg','2018-02-22 06:44:26','2018-02-23 06:44:26','test task',NULL,'2018-03-13 09:44:15','2018-03-16 19:19:56','2018-03-16 19:19:56'),
(27,41,'receipt','task 2','image/jpeg','mkombatx.jpg','uUIhgE24d2H2Q11BqL6RAiPNOmC6LDQfvvBo2HRf.jpeg','2018-02-22 06:44:26','2018-02-23 06:44:26','test task',NULL,'2018-03-13 09:51:46','2018-03-16 19:19:56','2018-03-16 19:19:56'),
(28,41,'receipt','coup','image/jpeg','IMG_20180313_150148.jpg','S76iDIk8zdJ7eL4C7UCxZlz6XQ0zKIgspzbVOab3.jpeg','2018-02-22 06:44:26','2018-01-01 12:23:34','nxjsksmskksksjsj',NULL,'2018-03-13 10:02:35','2018-03-16 19:19:56','2018-03-16 19:19:56'),
(29,41,'giftcard','cp','image/jpeg','IMG_20180313_150305.jpg','MOFzkbspHn7NnF69OPBcwLAIcVloSRHcdTKl9S7p.jpeg','2018-02-22 06:44:26','2018-01-01 12:21:23','hdjsjdjjdjdk',101,'2018-03-13 10:04:18','2018-03-16 19:19:56','2018-03-16 19:19:56'),
(30,64,'giftcard','gift','image/jpeg','IMG_20180313_150456.jpg','4UYGL9f9hGPtJXjxirTacmiZfzMVwxNiMHY9rnPr.jpeg','2018-02-22 06:44:26','2018-01-01 12:23:43','hdjdjdkksksksk',101,'2018-03-13 10:05:35','2018-03-16 19:19:55','2018-03-16 19:19:55'),
(31,64,'giftcard','Gift card','image/jpeg','IMG_20180313_150705.jpg','nD1JB3fcBCTMTvUc37cahGd1NGSWOm8zoucuNwic.jpeg','2018-02-22 06:44:26','2018-01-01 12:23:32','jdkdkdkksksks',101,'2018-03-13 10:07:56','2018-03-16 19:19:55','2018-03-16 19:19:55'),
(32,64,'receipt','ndndns','image/jpeg','IMG_20180313_150839.jpg','McvpPYhEHH4vkyZQ8UqO5jS9dm2T1KUxMtyEO4ui.jpeg','2018-02-22 06:44:26','2018-01-01 12:23:34','djjdjdjskskk',NULL,'2018-03-13 10:09:20','2018-03-16 19:19:55','2018-03-16 19:19:55'),
(33,73,'coupon','Coupon name','image/jpeg','IMG_20180313_160547.jpg','qIsTTb5IYEv0NUrJlHQAdW5vqrExYc0RXiz6Kaf2.jpeg','2018-02-22 06:44:26','2018-01-01 12:12:12','Coupon Notes',NULL,'2018-03-13 11:04:47','2018-03-16 19:19:55','2018-03-16 19:19:55'),
(34,75,'receipt','Cbc','image/jpeg','IMG_20180313_163236.jpg','cvOWHf7hpW8Reig4tG2GOG7XsNkrEp1TdlpMOqoH.jpeg','2018-02-22 06:44:26','2018-01-01 12:12:12','Djsjskjddj',NULL,'2018-03-13 11:32:08','2018-03-16 19:19:55','2018-03-16 19:19:55'),
(35,113,'receipt','task update 1','image/jpeg','IMG_20180313_163839.jpg','Ea7FSzk79PjbzHq2HZHOrHOFm1afcLRPPMN4Ni7K.jpeg','2018-02-22 06:44:26','2018-01-01 12:12:12','fhhfhfjggj',NULL,'2018-03-13 11:40:06','2018-03-16 19:19:55','2018-03-16 19:19:55'),
(36,41,'receipt','important doc','image/jpeg','IMG_20180314_132051.jpg','mpyFP6XjCnYEalotrT9Jle0Au02KDsBQY4emztbt.jpeg','2018-02-22 06:44:26','2018-01-01 12:12:12','dnndjdjdjjd',NULL,'2018-03-14 08:21:49','2018-03-16 19:19:56','2018-03-16 19:19:56'),
(37,75,'receipt','task 2','image/jpeg','bat.jpg','GDEx8ciBdQ4nEtUVJkoKF94331rLpOZgPFovNA39.jpeg','2018-02-22 06:44:26','2018-02-23 00:00:00','test task',NULL,'2018-03-15 09:59:10','2018-03-16 19:19:55','2018-03-16 19:19:55'),
(38,113,'receipt','screen receipt','image/jpeg','IMG_20180315_154431.jpg','G6k98TBjhdkwlEkWhWnEXpCbMWgMrYQOyUSly2fr.jpeg','2018-02-22 06:44:26','2018-03-24 00:00:00','xhjdjsjsj',NULL,'2018-03-15 10:45:52','2018-03-16 19:19:55','2018-03-16 19:19:55'),
(39,113,'receipt','screen receipt','image/jpeg','IMG_20180315_154431.jpg','5j64lihEy7kYAL2jte12pV7YeRAwghMUCTJ7aaJB.jpeg','2018-02-22 06:44:26','2018-03-24 00:00:00','xhjdjsjsj',NULL,'2018-03-15 10:45:57','2018-03-16 19:19:55','2018-03-16 19:19:55'),
(40,113,'receipt','screen receipt','image/jpeg','IMG_20180315_154431.jpg','dNXLqCP4xpNkIvDwbvL1lxT66yc5JxrXNDyKVSED.jpeg','2018-02-22 06:44:26','2018-03-24 00:00:00','xhjdjsjsj',NULL,'2018-03-15 10:46:00','2018-03-16 19:19:55','2018-03-16 19:19:55'),
(41,110,'coupon','reci','image/jpeg','IMG_20180315_154935.jpg','N6Y92gvnXMYY9zsidMRnYK3ujxAgBfAmZ7FU2R36.jpeg','2018-02-22 06:44:26','2018-03-23 00:00:00','jsjsjsjs',NULL,'2018-03-15 10:50:29','2018-03-16 19:19:55','2018-03-16 19:19:55'),
(42,112,'receipt','jdks','image/jpeg','IMG_20180316_163536.jpg','mCOQBJ4J6Rncs73ZwYUgIwSNOXzBt9Mvwo03lHMO.jpeg','2018-02-22 06:44:26','2018-03-21 00:00:00','snndj',NULL,'2018-03-16 11:36:32','2018-03-16 19:19:55','2018-03-16 19:19:55'),
(43,44,'receipt','dnnd','image/jpeg','IMG_20180316_163904.jpg','rlyGFFNjQDElmds24JSj0P5tZeNxKllrjHnEWM4h.jpeg','2018-02-22 06:44:26','2018-03-30 00:00:00','bxhxjxjj',NULL,'2018-03-16 11:39:46','2018-03-16 19:19:56','2018-03-16 19:19:56'),
(44,122,'receipt','thdydt','image/jpeg','IMG_20180316_165642.jpg','2T1xtC6K1zgBTbIbY05zoJZPCsuN88o2f9C4v7Og.jpeg','2018-02-22 06:44:26','2018-03-16 00:00:00','hgnhfghfg',NULL,'2018-03-16 11:57:32','2018-03-16 19:19:55','2018-03-16 19:19:55'),
(45,64,'receipt','jxjdj','image/jpeg','IMG_20180316_182002.jpg','Oess3WCsOtFN2IxZzZ2mQSizpIhu6xcvPvwO5Ltt.jpeg','2018-02-22 06:44:26','2018-03-29 00:00:00','hshsjsj',NULL,'2018-03-16 13:20:29','2018-03-16 19:19:55','2018-03-16 19:19:55'),
(46,123,'receipt','Imags1','image/jpeg','IMG_20180316_204931.jpg','cpt5HNVWLWcWpBynOLEUF8TiEQcFqJ2SSy9ozwtH.jpeg','2018-02-22 06:44:26','2018-03-31 00:00:00','Testing',NULL,'2018-03-16 15:50:07','2018-03-16 17:33:48','2018-03-16 17:33:48'),
(47,123,'receipt','Imags1','image/jpeg','IMG_20180316_204931.jpg','9DjvlU2vDEoWe1tq80oJG9DxkhAGmtTHgFBHsVic.jpeg','2018-02-22 06:44:26','2018-03-31 00:00:00','Testing',NULL,'2018-03-16 15:50:13','2018-03-16 17:33:59','2018-03-16 17:33:59'),
(48,123,'receipt','Imags1','image/jpeg','IMG_20180316_204931.jpg','0GG2sTGGIV0Kc3X9hL3xEjqwzD5RePIGUYlOB3Bv.jpeg','2018-02-22 06:44:26','2018-03-31 00:00:00','Testing',NULL,'2018-03-16 15:50:14','2018-03-16 16:59:41','2018-03-16 16:59:41'),
(49,123,'giftcard','123','image/jpeg','IMG_20180316_205104.jpg','lAwvEbkm1pXNpvEkmEWegELbkd9VKMuxPc7LbIPn.jpeg','2018-02-22 06:44:26','2018-03-31 00:00:00','One',101,'2018-03-16 15:51:38','2018-03-16 16:59:55','2018-03-16 16:59:55'),
(50,123,'giftcard','123','image/jpeg','IMG_20180316_205104.jpg','Vy8YFhWSZTU7y4lmJRG9IcFU0XLK1m89Lt7tBESA.jpeg','2018-02-22 06:44:26','2018-03-31 00:00:00','One',101,'2018-03-16 15:51:42','2018-03-16 17:42:50','2018-03-16 17:42:50'),
(51,123,'giftcard','123','image/jpeg','IMG_20180316_205104.jpg','K81zO5XOr1oRFcsbrb7eaI7foJaEWbwjo9wgCvoE.jpeg','2018-02-22 06:44:26','2018-03-31 00:00:00','One',101,'2018-03-16 15:51:43','2018-03-16 17:42:50','2018-03-16 17:42:50'),
(52,123,'giftcard','123','image/jpeg','IMG_20180316_205104.jpg','K9m4Iwk7BqY7og7ZGwmldBDrTet13205iN4PI37I.jpeg','2018-02-22 06:44:26','2018-03-31 00:00:00','One',101,'2018-03-16 15:51:44','2018-03-16 17:42:50','2018-03-16 17:42:50'),
(53,123,'giftcard','Right','image/jpeg','IMG_20180316_205214.jpg','hcZMCc6IhoVniCc7McFw8wN10sdizjeAMqchhGLN.jpeg','2018-02-22 06:44:26','2018-03-31 00:00:00','Test',101,'2018-03-16 15:52:54','2018-03-16 17:42:50','2018-03-16 17:42:50'),
(54,123,'giftcard','Right','image/jpeg','IMG_20180316_205214.jpg','rFboMOP7GO5HXb9UzTu2rA39tMFySJi2bHZivx1j.jpeg','2018-02-22 06:44:26','2018-03-31 00:00:00','Test',101,'2018-03-16 15:52:58','2018-03-16 17:42:50','2018-03-16 17:42:50'),
(55,124,'receipt','Number','image/jpeg','IMG_20180316_215455.jpg','CQ1MXffzhbYrgGAhpezsniOjaonICWbA6cnaVjbX.jpeg','2018-02-22 06:44:26','2018-03-16 00:00:00','Testing Number',NULL,'2018-03-16 16:55:57','2018-03-16 16:57:20','2018-03-16 16:57:20'),
(56,123,'receipt','Jta','image/jpeg','IMG_20180316_225825.jpg','AOBPJqf4gCfUiS2y5qkrY4xTfrbxezMZ9UGutnIA.jpeg','2018-02-22 06:44:26','2018-03-16 00:00:00','HdKfskts',NULL,'2018-03-16 17:58:58','2018-03-16 18:48:53','2018-03-16 18:48:53'),
(57,120,'giftcard','Bdjsjsj','image/jpeg','IMG_20180316_230030.jpg','BZeeLWpRtRWun5rBsLN1Ya9SLxjtYigkIXeshskP.jpeg','2018-02-22 06:44:26','2018-03-30 00:00:00','Ndnszj',101,'2018-03-16 18:02:03','2018-03-16 19:19:55','2018-03-16 19:19:55'),
(58,123,'coupon','Document 1','image/jpeg','IMG_20180316_235106.jpg','68o7N3GjVuqxsvVhZ3rwZ1Z9oJMRQ5BiTqOlZCsM.jpeg','2018-02-22 06:44:26','2018-03-16 00:00:00','Document 1',NULL,'2018-03-16 18:52:11','2018-03-16 18:52:28','2018-03-16 18:52:28'),
(59,125,'receipt','Gold Leaf','image/jpeg','IMG_20180317_002806.jpg','8HNvQF5BOiwdtrjZnNTy7NLdqG3rYUsgFBLZKlHt.jpeg','2018-02-22 06:44:26','2018-03-17 00:00:00','Gold Leaf Cegret',NULL,'2018-03-16 19:30:57','2018-03-16 19:30:57',NULL),
(60,135,'coupon','Receive Number 123','image/jpeg','IMG_20180317_012731.jpg','sW6FTvyawfk7rrQ42F7nXsM395quImJHumvlVQXp.jpeg','2018-02-22 06:44:26','2018-03-31 00:00:00','Test Recovery Number 123',NULL,'2018-03-16 20:28:22','2018-03-16 21:11:53','2018-03-16 21:11:53'),
(61,135,'receipt','Good','image/jpeg','IMG_20180317_013318.jpg','0RWTdK7wRK7xgbHeCDbYqNV6O533CMMviICXL2tP.jpeg','2018-02-22 06:44:26','2018-03-17 00:00:00','Testing',NULL,'2018-03-16 20:37:13','2018-03-16 21:11:53','2018-03-16 21:11:53'),
(62,135,'receipt','Good','image/jpeg','IMG_20180317_013318.jpg','qGddDT4ZsIFHbEKF6l0q1DbiJEtmIny3mDGXAjZ4.jpeg','2018-02-22 06:44:26','2018-03-17 00:00:00','Testing',NULL,'2018-03-16 20:37:13','2018-03-16 21:11:53','2018-03-16 21:11:53'),
(63,135,'receipt','Good','image/jpeg','IMG_20180317_013318.jpg','qR2q1VdRiTNWyUzlxav5MET43QZNlNwDKACOcOg3.jpeg','2018-02-22 06:44:26','2018-03-17 00:00:00','Testing',NULL,'2018-03-16 20:37:15','2018-03-16 21:11:53','2018-03-16 21:11:53'),
(64,135,'receipt','Good','image/jpeg','IMG_20180317_013318.jpg','c791s012mwK0Rf8932UYCyd9By7gQBADL1i11kmC.jpeg','2018-02-22 06:44:26','2018-03-17 00:00:00','Testing',NULL,'2018-03-16 20:37:22','2018-03-16 21:11:53','2018-03-16 21:11:53'),
(65,135,'receipt','Good','image/jpeg','IMG_20180317_013318.jpg','BrOgGiiuQIa2TJUxjSr3aWAJbUuO0j4z8W2MUoKP.jpeg','2018-02-22 06:44:26','2018-03-17 00:00:00','Testing',NULL,'2018-03-16 20:37:22','2018-03-16 21:11:53','2018-03-16 21:11:53'),
(66,135,'receipt','Good','image/jpeg','IMG_20180317_013318.jpg','wgfViyWcmdT8nDQgq2NVl5QifKAoC7NkAejRbo5d.jpeg','2018-02-22 06:44:26','2018-03-17 00:00:00','Testing',NULL,'2018-03-16 20:37:24','2018-03-16 21:11:53','2018-03-16 21:11:53'),
(67,135,'receipt','Good','image/jpeg','IMG_20180317_013318.jpg','qAXmBZA5JV6AWYBLUGxXyaElO74kbf2ck4o2hMsk.jpeg','2018-02-22 06:44:26','2018-03-17 00:00:00','Testing',NULL,'2018-03-16 20:37:30','2018-03-16 21:11:53','2018-03-16 21:11:53'),
(68,135,'receipt','owais','image/jpeg','IMG_20180317_013318.jpg','sLLxu98DTDehcysGQuQ68H70gVlsRrTNXAawztOD.jpeg','2018-02-22 06:44:26','2018-03-17 00:00:00','Testing',NULL,'2018-03-16 20:37:30','2018-03-16 22:30:49','2018-03-16 22:30:49'),
(69,135,'receipt','Good one','image/jpeg','IMG_20180317_013318.jpg','0eweYRaGfNTTQOsZpLTMgRdFdgzzHQMY3O6Rr8fG.jpeg','2018-02-22 06:44:26','2018-03-17 00:00:00','Testing',NULL,'2018-03-16 20:37:31','2018-03-16 23:09:38','2018-03-16 23:09:38'),
(70,135,'receipt','Good','image/jpeg','IMG_20180317_013318.jpg','oOrUXrz8r6nlLXeFsaY9MNVZqNRzPpQ9AEm24L5n.jpeg','2018-02-22 06:44:26','2018-03-17 00:00:00','Testing',NULL,'2018-03-16 20:37:39','2018-03-16 23:08:43','2018-03-16 23:08:43'),
(71,135,'receipt','Good','image/jpeg','IMG_20180317_013318.jpg','I26j86E1E9OSOEJhvwHYktieAYkMYZ4wZjQ34oL4.jpeg','2018-02-22 06:44:26','2018-03-17 00:00:00','Testing',NULL,'2018-03-16 20:37:40','2018-03-16 23:12:09','2018-03-16 23:12:09'),
(72,135,'receipt','Good','image/jpeg','IMG_20180317_013318.jpg','qYHsxRvpBwSSk0wJJScjwbr1rQ7cpniSW88LzmsK.jpeg','2018-02-22 06:44:26','2018-03-17 00:00:00','Testing',NULL,'2018-03-16 20:37:40','2018-03-16 23:12:09','2018-03-16 23:12:09'),
(73,135,'receipt','Good','image/jpeg','IMG_20180317_013318.jpg','QnoaTdbxxmqsNmVYp6WPms7J9I08Fyff4O7EVFOG.jpeg','2018-02-22 06:44:26','2018-03-17 00:00:00','Testing',NULL,'2018-03-16 20:37:48','2018-03-16 23:12:09','2018-03-16 23:12:09'),
(74,135,'receipt','Good','image/jpeg','IMG_20180317_013318.jpg','Zgjz90aNuBban4PkQZAZnQgPmj5juwvmLt4Yyuiv.jpeg','2018-02-22 06:44:26','2018-03-17 00:00:00','Testing',NULL,'2018-03-16 20:37:48','2018-03-16 23:12:09','2018-03-16 23:12:09'),
(75,135,'receipt','Good','image/jpeg','IMG_20180317_013318.jpg','ugUGWPZ3m7XRXyDW1iz0lJDWCoEXRIWi0mCnxBvP.jpeg','2018-02-22 06:44:26','2018-03-17 00:00:00','Testing',NULL,'2018-03-16 20:37:49','2018-03-16 23:12:09','2018-03-16 23:12:09'),
(76,135,'receipt','Good','image/jpeg','IMG_20180317_013318.jpg','3E019O9GnvaXYE4RIQ7TquSeMJfUcqontSEKBuiQ.jpeg','2018-02-22 06:44:26','2018-03-17 00:00:00','Testing',NULL,'2018-03-16 20:37:55','2018-03-16 20:37:55',NULL),
(77,135,'receipt','Good','image/jpeg','IMG_20180317_013318.jpg','Ji7Dli4XobFZ1gNqbYrLwfN2LeQ6InBtH5IoHPIk.jpeg','2018-02-22 06:44:26','2018-03-17 00:00:00','Testing',NULL,'2018-03-16 20:37:55','2018-03-16 23:12:09','2018-03-16 23:12:09'),
(78,135,'receipt','Good','image/jpeg','IMG_20180317_013318.jpg','jki2KTuXxOzpmeufYYJjY020zjL5nWdd3v6FAg94.jpeg','2018-02-22 06:44:26','2018-03-17 00:00:00','Testing',NULL,'2018-03-16 20:37:55','2018-03-16 23:12:09','2018-03-16 23:12:09'),
(79,135,'receipt','Good','image/jpeg','IMG_20180317_013318.jpg','fKbG1usWvflsXbWxSxm2I5V6W0tM0h5ehVoxmbQV.jpeg','2018-02-22 06:44:26','2018-03-17 00:00:00','Testing',NULL,'2018-03-16 20:38:05','2018-03-16 23:12:09','2018-03-16 23:12:09'),
(80,135,'receipt','Good','image/jpeg','IMG_20180317_013318.jpg','DsmaphpIOJowpsdr2K2KANLmSt2lWTYSeBIebcxu.jpeg','2018-02-22 06:44:26','2018-03-17 00:00:00','Testing',NULL,'2018-03-16 20:38:05','2018-03-16 23:12:09','2018-03-16 23:12:09'),
(81,135,'receipt','Good','image/jpeg','IMG_20180317_013318.jpg','pJPYexuFO1RMwNDhFO7qVMp6ksc9mh6CRkTBAewK.jpeg','2018-02-22 06:44:26','2018-03-17 00:00:00','Testing',NULL,'2018-03-16 20:38:05','2018-03-16 23:12:09','2018-03-16 23:12:09'),
(82,135,'receipt','Good','image/jpeg','IMG_20180317_013318.jpg','ui8D8lLPgXstBgw2Z5PrwNK2ickUTZsF2om5Cas6.jpeg','2018-02-22 06:44:26','2018-03-17 00:00:00','Testing',NULL,'2018-03-16 20:38:11','2018-03-16 20:38:11',NULL),
(83,135,'receipt','Good','image/jpeg','IMG_20180317_013318.jpg','Ws2Bya8WHUgqllNi20B59JEeTKAHA6voyoXzOaBA.jpeg','2018-02-22 06:44:26','2018-03-17 00:00:00','Testing',NULL,'2018-03-16 20:38:12','2018-03-16 20:38:12',NULL),
(84,135,'receipt','Good','image/jpeg','IMG_20180317_013318.jpg','pOEP67HdlxDgEdOqHB20cw2v3h4iN9z2xQtNdqvq.jpeg','2018-02-22 06:44:26','2018-03-17 00:00:00','Testing',NULL,'2018-03-16 20:38:13','2018-03-16 20:38:13',NULL),
(85,135,'receipt','Good','image/jpeg','IMG_20180317_013318.jpg','V6tQhgTFBHsh8hpeF6xc3YhtcK6JJuzJVTOeEdXv.jpeg','2018-02-22 06:44:26','2018-03-17 00:00:00','Testing',NULL,'2018-03-16 20:38:18','2018-03-16 20:38:18',NULL),
(86,135,'receipt','Good','image/jpeg','IMG_20180317_013318.jpg','zBnYoKKEJNZILpLSvMkW1yd4FqWEiR8zLRi2r0ws.jpeg','2018-02-22 06:44:26','2018-03-17 00:00:00','Testing',NULL,'2018-03-16 20:38:19','2018-03-16 20:38:19',NULL),
(87,135,'receipt','Good','image/jpeg','IMG_20180317_013318.jpg','XW0HpjW1Cz68kQZG7TzQdBwIHBnItWZnsj9bOaxZ.jpeg','2018-02-22 06:44:26','2018-03-17 00:00:00','Testing',NULL,'2018-03-16 20:38:20','2018-03-16 20:38:20',NULL),
(88,135,'giftcard','Student','image/jpeg','IMG_20180317_014420.jpg','wtlKfN8SpjxLIpJYrP30zdRw9tbKLlHZhdE86dVq.jpeg','2018-02-22 06:44:26','2018-03-30 00:00:00','Testing',101,'2018-03-16 20:47:13','2018-03-16 20:47:13',NULL),
(89,135,'giftcard','Student','image/jpeg','IMG_20180317_014420.jpg','hTRXoTYcCxUxkDi4TIV36wV0s2dFWoUP1FImgX6s.jpeg','2018-02-22 06:44:26','2018-03-30 00:00:00','Testing',101,'2018-03-16 20:47:13','2018-03-16 20:47:13',NULL),
(90,135,'giftcard','Student','image/jpeg','IMG_20180317_014420.jpg','CuG4KDSktwJrIiUMefpz4CKlEZZryo8xcqskpieK.jpeg','2018-02-22 06:44:26','2018-03-30 00:00:00','Testing',101,'2018-03-16 20:47:14','2018-03-16 20:47:14',NULL),
(91,135,'giftcard','Student','image/jpeg','IMG_20180317_014420.jpg','f0DzO2aLc2HBZPdkJ9vSPnx2PkGJ3tN1M8wb0Q3c.jpeg','2018-02-22 06:44:26','2018-03-30 00:00:00','Testing',101,'2018-03-16 20:47:22','2018-03-16 20:47:22',NULL),
(92,135,'giftcard','Student','image/jpeg','IMG_20180317_014420.jpg','Hi3ifBVRfLgSvOz2Vk6AQ71Uwz6337jtXFrdHqbS.jpeg','2018-02-22 06:44:26','2018-03-30 00:00:00','Testing',101,'2018-03-16 20:47:24','2018-03-16 20:47:24',NULL),
(93,135,'giftcard','Student','image/jpeg','IMG_20180317_014420.jpg','iFzD0sOkQDM6vFqjuDwefvATKMeR3NqKiGMERilY.jpeg','2018-02-22 06:44:26','2018-03-30 00:00:00','Testing',101,'2018-03-16 20:47:25','2018-03-16 20:47:25',NULL),
(94,135,'giftcard','Student','image/jpeg','IMG_20180317_014420.jpg','XLXWiueT16p6k5GGG0z2OD82cvUx4FpKhOnKGweS.jpeg','2018-02-22 06:44:26','2018-03-30 00:00:00','Testing',101,'2018-03-16 20:47:32','2018-03-16 23:12:09','2018-03-16 23:12:09'),
(95,135,'giftcard','Student','image/jpeg','IMG_20180317_014420.jpg','GPYAfCxnZtFBoQrhmeY4uysiK5ppEqFuGvnPyrQF.jpeg','2018-02-22 06:44:26','2018-03-30 00:00:00','Testing',101,'2018-03-16 20:47:34','2018-03-16 23:12:09','2018-03-16 23:12:09'),
(96,135,'giftcard','Student','image/jpeg','IMG_20180317_014420.jpg','3e8VWXrt1vMi6MzMzDeDd8EKrlmQ0S54zZglpdAM.jpeg','2018-02-22 06:44:26','2018-03-30 00:00:00','Testing',101,'2018-03-16 20:47:35','2018-03-16 23:12:09','2018-03-16 23:12:09'),
(97,135,'giftcard','Student','image/jpeg','IMG_20180317_014420.jpg','QTQIVxhJXdd0i8wpWuMBn26kofLCRrhsY4a28OBh.jpeg','2018-02-22 06:44:26','2018-03-30 00:00:00','Testing',101,'2018-03-16 20:47:41','2018-03-16 23:12:09','2018-03-16 23:12:09'),
(98,135,'giftcard','Student','image/jpeg','IMG_20180317_014420.jpg','12TSfKsEp6UterduiZ8nCb2Wz8XUf3zLEHslDsx4.jpeg','2018-02-22 06:44:26','2018-03-30 00:00:00','Testing',101,'2018-03-16 20:47:44','2018-03-16 23:12:09','2018-03-16 23:12:09'),
(99,135,'giftcard','Student','image/jpeg','IMG_20180317_014420.jpg','HsGWnKHRHZPzywzasLftUCfusWS9SrPnUCJgRUsB.jpeg','2018-02-22 06:44:26','2018-03-30 00:00:00','Testing',101,'2018-03-16 20:47:45','2018-03-16 23:12:09','2018-03-16 23:12:09'),
(100,135,'giftcard','Student','image/jpeg','IMG_20180317_014420.jpg','mHZZUmTSTaU054oT0wWXxnTY65LDwntG8igCMULq.jpeg','2018-02-22 06:44:26','2018-03-30 00:00:00','Testing',101,'2018-03-16 20:47:49','2018-03-16 23:12:09','2018-03-16 23:12:09'),
(101,135,'giftcard','Student','image/jpeg','IMG_20180317_014420.jpg','WOQQ0uzHTeytxXy7BL1suL82hDYZ14TD2bmx6uYi.jpeg','2018-02-22 06:44:26','2018-03-30 00:00:00','Testing',101,'2018-03-16 20:47:54','2018-03-16 23:12:09','2018-03-16 23:12:09'),
(102,135,'giftcard','Student','image/jpeg','IMG_20180317_014420.jpg','pJEz51AfdqIzWijV1b4ce6kdxk3c4WFLzxBr8KyF.jpeg','2018-02-22 06:44:26','2018-03-30 00:00:00','Testing',101,'2018-03-16 20:47:55','2018-03-16 23:12:09','2018-03-16 23:12:09'),
(103,135,'giftcard','Student','image/jpeg','IMG_20180317_014420.jpg','ob7iumGd17Zi5quMamxtxiGyZJTyC9VQ9wIc5Xod.jpeg','2018-02-22 06:44:26','2018-03-30 00:00:00','Testing',101,'2018-03-16 20:47:58','2018-03-16 20:47:58',NULL),
(104,135,'giftcard','Student','image/jpeg','IMG_20180317_014420.jpg','1d6IZxugNZvWQl1FemYIAzkImNqVplq1edphmk5I.jpeg','2018-02-22 06:44:26','2018-03-30 00:00:00','Testing',101,'2018-03-16 20:48:04','2018-03-16 20:48:04',NULL),
(105,135,'giftcard','Student','image/jpeg','IMG_20180317_014420.jpg','262jTF1nRyhvytvLeuvCyyKNkp8PksTp2CVBZqey.jpeg','2018-02-22 06:44:26','2018-03-30 00:00:00','Testing',101,'2018-03-16 20:48:06','2018-03-16 20:48:06',NULL),
(106,135,'giftcard','Student','image/jpeg','IMG_20180317_014420.jpg','uybzOUVQcaZQbylDh7wAfvbKRG1tf4Pq0N4ELWH5.jpeg','2018-02-22 06:44:26','2018-03-30 00:00:00','Testing',101,'2018-03-16 20:48:08','2018-03-16 20:48:08',NULL),
(107,135,'giftcard','Student','image/jpeg','IMG_20180317_014420.jpg','4AT28YqFmhf3xzdyahr1wMGBQW1MsoZV8acfwyfm.jpeg','2018-02-22 06:44:26','2018-03-30 00:00:00','Testing',101,'2018-03-16 20:48:13','2018-03-16 20:48:13',NULL),
(108,135,'giftcard','Student','image/jpeg','IMG_20180317_014420.jpg','RedMQG2nKBOMgwt6YovdtEgTOGqFF0QUOpU9WuvQ.jpeg','2018-02-22 06:44:26','2018-03-30 00:00:00','Testing',101,'2018-03-16 20:48:15','2018-03-16 20:48:15',NULL),
(109,135,'giftcard','Student','image/jpeg','IMG_20180317_014420.jpg','JmcEPZ0DcqZMMKyuVe4WbiOy4yT6Vec9e0GSNGk0.jpeg','2018-02-22 06:44:26','2018-03-30 00:00:00','Testing',101,'2018-03-16 20:48:17','2018-03-16 20:48:17',NULL),
(110,135,'giftcard','Student','image/jpeg','IMG_20180317_014420.jpg','v4bllltedBqGPTqXaG91uvngTY5l8Tz6d6RDDcxC.jpeg','2018-02-22 06:44:26','2018-03-30 00:00:00','Testing',101,'2018-03-16 20:48:21','2018-03-16 20:48:21',NULL),
(111,135,'giftcard','Student','image/jpeg','IMG_20180317_014420.jpg','NEfu4FkwZnAXTuBVt4B7a3xVTH3QMvIxdmIvrlXa.jpeg','2018-02-22 06:44:26','2018-03-30 00:00:00','Testing',101,'2018-03-16 20:48:22','2018-03-16 20:48:22',NULL),
(112,135,'giftcard','Student','image/jpeg','IMG_20180317_014420.jpg','1ot5WNIDnOD72CpHsr2IA8WYgnkHFcTAIkSfhCyG.jpeg','2018-02-22 06:44:26','2018-03-30 00:00:00','Testing',101,'2018-03-16 20:48:26','2018-03-16 20:48:26',NULL),
(113,135,'giftcard','Student','image/jpeg','IMG_20180317_014420.jpg','9gikhJBsAqdJsFjPULtJn845fGrUvwTssU953nwo.jpeg','2018-02-22 06:44:26','2018-03-30 00:00:00','Testing',101,'2018-03-16 20:48:29','2018-03-16 20:48:29',NULL),
(114,135,'giftcard','Student','image/jpeg','IMG_20180317_014420.jpg','QVe5Z9EPI9ZS9Sx67Dn7nn0LVb1YVmMDdwlFS8pR.jpeg','2018-02-22 06:44:26','2018-03-30 00:00:00','Testing',101,'2018-03-16 20:48:31','2018-03-16 20:48:31',NULL),
(115,135,'giftcard','Student','image/jpeg','IMG_20180317_014420.jpg','TZbuvgMJG1licDIvRLrLqwrxopYshr9Rjjjeqcp0.jpeg','2018-02-22 06:44:26','2018-03-30 00:00:00','Testing',101,'2018-03-16 20:48:39','2018-03-16 20:48:39',NULL),
(116,135,'giftcard','Student','image/jpeg','IMG_20180317_014420.jpg','kf0g9DxeDp0h6VRUS8WfBf9vvrBgPjPKZPpKyabz.jpeg','2018-02-22 06:44:26','2018-03-30 00:00:00','Testing',101,'2018-03-16 20:48:41','2018-03-16 20:48:41',NULL),
(117,135,'giftcard','Student','image/jpeg','IMG_20180317_014420.jpg','Zvawfn6QfTcNUscWSQ93bDgTq6XrQGhJKqHl5HnD.jpeg','2018-02-22 06:44:26','2018-03-30 00:00:00','Testing',101,'2018-03-16 20:48:42','2018-03-16 20:48:42',NULL),
(118,135,'giftcard','Student','image/jpeg','IMG_20180317_014420.jpg','7JwYtNwrnvEs5Hzyzr4V6x2XhuAJBl1GAA425nwu.jpeg','2018-02-22 06:44:26','2018-03-30 00:00:00','Testing',101,'2018-03-16 20:49:14','2018-03-16 20:49:14',NULL),
(119,135,'giftcard','Student','image/jpeg','IMG_20180317_014420.jpg','y0plMrPUcm3nt3O118w6nDLb2GvhCv4F9gbpGOFX.jpeg','2018-02-22 06:44:26','2018-03-30 00:00:00','Testing',101,'2018-03-16 20:49:16','2018-03-16 20:49:16',NULL),
(120,135,'giftcard','Student','image/jpeg','IMG_20180317_014420.jpg','77O9ZKMM8i36gqcEqsCW1YTtkgmjN8QiD475Dlyf.jpeg','2018-02-22 06:44:26','2018-03-30 00:00:00','Testing',101,'2018-03-16 20:49:18','2018-03-16 20:49:18',NULL),
(121,135,'giftcard','Student','image/jpeg','IMG_20180317_014420.jpg','gnekPFdXWUDkSHPcp9ylYjCntJz7nU79IvYqKHNt.jpeg','2018-02-22 06:44:26','2018-03-30 00:00:00','Testing',101,'2018-03-16 20:49:24','2018-03-16 20:49:24',NULL),
(122,135,'giftcard','Student','image/jpeg','IMG_20180317_014420.jpg','zMS0C9JQe3LxaW49jwDjvGe0A9I3ejr666OnXSsw.jpeg','2018-02-22 06:44:26','2018-03-30 00:00:00','Testing',101,'2018-03-16 20:49:26','2018-03-16 20:49:26',NULL),
(123,135,'giftcard','Student','image/jpeg','IMG_20180317_014420.jpg','ktpwA0tRl0yszyrVyDgwwawxozn31x1IiAEwcSH9.jpeg','2018-02-22 06:44:26','2018-03-30 00:00:00','Testing',101,'2018-03-16 20:49:29','2018-03-16 20:49:29',NULL),
(124,135,'giftcard','Student','image/jpeg','IMG_20180317_014420.jpg','S9qn0hMQd7ISh4Z7Addr9005y6TtwAT9OPCIS0j0.jpeg','2018-02-22 06:44:26','2018-03-30 00:00:00','Testing',101,'2018-03-16 20:49:34','2018-03-16 20:49:34',NULL),
(125,135,'giftcard','Student','image/jpeg','IMG_20180317_014420.jpg','km2xgtFhcEYvZYlFh8bQSuP95j7B8A0Mzo6iuur8.jpeg','2018-02-22 06:44:26','2018-03-30 00:00:00','Testing',101,'2018-03-16 20:49:36','2018-03-16 20:49:36',NULL),
(126,135,'giftcard','Student','image/jpeg','IMG_20180317_014420.jpg','fzbLPa3gwsXyzkhOpv7H4sOLNfBbGfViz8gFQ2qN.jpeg','2018-02-22 06:44:26','2018-03-30 00:00:00','Testing',101,'2018-03-16 20:49:42','2018-03-16 20:49:42',NULL),
(127,135,'giftcard','Student','image/jpeg','IMG_20180317_014420.jpg','uihK8LK6PFQXHa8eTUNXs8FpCMUQGNqvvcc7higK.jpeg','2018-02-22 06:44:26','2018-03-30 00:00:00','Testing',101,'2018-03-16 20:49:46','2018-03-16 20:49:46',NULL),
(128,135,'giftcard','Student','image/jpeg','IMG_20180317_014420.jpg','7QNhMQa1zxKKdoztcHE9MSZO4b15sXUcqOHMsEcw.jpeg','2018-02-22 06:44:26','2018-03-30 00:00:00','Testing',101,'2018-03-16 20:49:53','2018-03-16 23:35:31','2018-03-16 23:35:31'),
(129,135,'giftcard','Student','image/jpeg','IMG_20180317_014420.jpg','ZJM5OxLfN1qeqBmCdOuvEaBjwocdL7G5H02xTy4N.jpeg','2018-02-22 06:44:26','2018-03-30 00:00:00','Testing',101,'2018-03-16 20:49:55','2018-03-16 23:35:31','2018-03-16 23:35:31'),
(130,135,'giftcard','Student','image/jpeg','IMG_20180317_014420.jpg','JMC4PpQbv2tdNvOuLsE4ZlsWgiq1Gy1OYFVnhH1A.jpeg','2018-02-22 06:44:26','2018-03-30 00:00:00','Testing',101,'2018-03-16 20:49:57','2018-03-16 23:35:31','2018-03-16 23:35:31'),
(131,135,'giftcard','Student','image/jpeg','IMG_20180317_014420.jpg','y5nyzlvsTWXX5c2gcWZnJn4PYdy0nZSqjyQu0ZLZ.jpeg','2018-02-22 06:44:26','2018-03-30 00:00:00','Testing',101,'2018-03-16 20:50:05','2018-03-16 23:35:31','2018-03-16 23:35:31'),
(132,135,'giftcard','Student','image/jpeg','IMG_20180317_014420.jpg','CkBGsMHm2C6evACyy5W80NuQq9RZ13SHW77XtkAZ.jpeg','2018-02-22 06:44:26','2018-03-30 00:00:00','Testing',101,'2018-03-16 20:50:07','2018-03-16 23:35:31','2018-03-16 23:35:31'),
(133,135,'giftcard','Student','image/jpeg','IMG_20180317_014420.jpg','e4XFHI4YUPxpeu69ebp4AS9KNXL9aWSL63jROevR.jpeg','2018-02-22 06:44:26','2018-03-30 00:00:00','Testing',101,'2018-03-16 20:50:20','2018-03-16 23:35:31','2018-03-16 23:35:31'),
(134,135,'giftcard','Student','image/jpeg','IMG_20180317_014420.jpg','lK6xZAf1ERzQS6oqIO0i9zKicLE0oCu1k8vz2yxd.jpeg','2018-02-22 06:44:26','2018-03-30 00:00:00','Testing',101,'2018-03-16 20:50:21','2018-03-16 23:35:31','2018-03-16 23:35:31'),
(135,135,'giftcard','Student','image/jpeg','IMG_20180317_014420.jpg','raQzAEW5J05vI5pUSWIi5G57sNeZF2zAYYmJrB9t.jpeg','2018-02-22 06:44:26','2018-03-30 00:00:00','Testing',101,'2018-03-16 20:50:21','2018-03-16 23:35:31','2018-03-16 23:35:31'),
(136,135,'giftcard','Student','image/jpeg','IMG_20180317_014420.jpg','seyXAXCKuJrnIC0FGWBAmaRuVQqKthH9xtDOmg6M.jpeg','2018-02-22 06:44:26','2018-03-30 00:00:00','Testing',101,'2018-03-16 20:50:28','2018-03-16 21:26:59','2018-03-16 21:26:59'),
(137,136,'receipt','Owais','image/jpeg','IMG_20180317_041039.jpg','3MMCv0xEe3rK3euniQwN7NuOCTpr9RYW2vBUGsc8.jpeg','2018-02-22 06:44:26','2018-03-31 00:00:00','Test',NULL,'2018-03-16 23:11:15','2018-03-16 23:11:28','2018-03-16 23:11:28'),
(138,137,'receipt','Owais','image/jpeg','IMG_20180317_041229.jpg','1ZZ3D0KWNAqiGWIt6iKGyDZP6xnIKThsoSCKmSNx.jpeg','2018-02-22 06:44:26','2018-03-31 00:00:00','Test',NULL,'2018-03-16 23:13:07','2018-03-16 23:13:45','2018-03-16 23:13:45'),
(139,137,'receipt','Owais','image/jpeg','IMG_20180317_041229.jpg','7igOLIB4pAOMKYgUtlamtwXWJk83xFk4krChy15N.jpeg','2018-02-22 06:44:26','2018-03-31 00:00:00','Test',NULL,'2018-03-16 23:13:19','2018-03-16 23:13:45','2018-03-16 23:13:45'),
(140,151,'receipt','Receipt # 1','image/jpeg','IMG_20180317_072141.jpg','ioHbQQpZf8jq5ruoeSVX7SLDLrwm8vIlD5Q7IIgK.jpeg','2018-02-22 06:44:26','2018-03-17 00:00:00','Receipt #1 Notes....',NULL,'2018-03-17 02:22:58','2018-03-19 12:16:39','2018-03-19 12:16:39'),
(141,151,'receipt','Receipt # 2','image/jpeg','IMG_20180317_072313.jpg','uxQoQ5XJt0aiQFDhl2ptqTYdo5WJrZjVbKHwShhw.jpeg','2018-02-22 06:44:26','2018-03-18 00:00:00','Receipt # 2 Notes...',NULL,'2018-03-17 02:24:22','2018-03-19 12:16:39','2018-03-19 12:16:39'),
(142,151,'receipt','Receipt # 3','image/jpeg','IMG_20180317_072429.jpg','jXnAA9kT6fNSMygJcxEaNJqeZUgdPl4Bb8pnwBWS.jpeg','2018-02-22 06:44:26','2018-03-26 00:00:00','Receipt # 3 Notes...',NULL,'2018-03-17 02:25:35','2018-03-19 12:16:39','2018-03-19 12:16:39'),
(143,151,'receipt','Receipt # 4','image/jpeg','IMG_20180317_072558.jpg','6jISFOqBPUn2HMTjzUDs8xKNMGueVLQpfqDw502M.jpeg','2018-02-22 06:44:26','2018-03-29 00:00:00','Receipt # 4 Notes...',NULL,'2018-03-17 02:27:14','2018-03-19 12:16:39','2018-03-19 12:16:39'),
(144,151,'receipt','Receipt # 5','image/jpeg','IMG_20180317_072712.jpg','UDNjITfebaABEN8bynhAWXn1qzUJgIj1x9Td4foZ.jpeg','2018-02-22 06:44:26','2018-03-30 00:00:00','Djkdkdkk',NULL,'2018-03-17 02:28:08','2018-03-19 12:16:39','2018-03-19 12:16:39'),
(145,151,'receipt','Receipt # 6','image/jpeg','IMG_20180317_072828.jpg','beRNi3KnACFeyJrppZav7kyR7bgvtjIe7DstGnTf.jpeg','2018-02-22 06:44:26','2018-03-28 00:00:00','Receipt # 6 Notes...',NULL,'2018-03-17 02:29:58','2018-03-19 12:16:39','2018-03-19 12:16:39'),
(146,151,'receipt','Receipt # 7','image/jpeg','IMG_20180317_073017.jpg','VwMXcgh5f0PxyIEDNjZnSsU0hEVn59JzsnIvhBD7.jpeg','2018-02-22 06:44:26','2018-03-23 00:00:00','Receipt # 7 Notes...',NULL,'2018-03-17 02:31:24','2018-03-19 12:16:39','2018-03-19 12:16:39'),
(147,151,'receipt','Receipt # 8','image/jpeg','IMG_20180317_073125.jpg','7nHHX3a5xLSRdDVZFoFqbDyMkVK1dJom2jnUK5Sl.jpeg','2018-02-22 06:44:26','2018-04-05 00:00:00','Receipt # 8 Notes...',NULL,'2018-03-17 02:33:08','2018-03-19 12:16:39','2018-03-19 12:16:39'),
(148,151,'receipt','Receipt # 9','image/jpeg','IMG_20180317_073316.jpg','pk8WuuuDUhAHpH5M6ByJp12geqBYKDKW3gzd29yI.jpeg','2018-02-22 06:44:26','2018-04-09 00:00:00','Receipt # 9 Notes...',NULL,'2018-03-17 02:34:24','2018-03-19 12:16:39','2018-03-19 12:16:39'),
(149,151,'receipt','Receipt # 10','image/jpeg','IMG_20180317_073438.jpg','gsyw3biUQusON1uDFfPQ2K8d2cYizVRW6eb9HwCW.jpeg','2018-02-22 06:44:26','2018-04-14 00:00:00','Receipt # 10 Notes...',NULL,'2018-03-17 02:35:36','2018-03-19 11:31:52','2018-03-19 11:31:52'),
(150,151,'receipt','Receipt # 11','image/jpeg','IMG_20180317_073556.jpg','VixTpN64tT1mbTEB3Y2xIGjjFxO2DxLknWRmTbYR.jpeg','2018-02-22 06:44:26','2018-04-23 00:00:00','Receipt # 11 Notes...',NULL,'2018-03-17 02:37:00','2018-03-19 12:16:39','2018-03-19 12:16:39'),
(151,151,'receipt','Receipt # 12','image/jpeg','IMG_20180317_073709.jpg','WINSyhyDcPYNcDEUcG294Y21I39zHjQC3wMOrl3X.jpeg','2018-02-22 06:44:26','2018-04-11 00:00:00','Receipt # 12 Notes...',NULL,'2018-03-17 02:38:24','2018-03-19 11:53:40','2018-03-19 11:53:40'),
(152,151,'receipt','Receipt # 13','image/jpeg','IMG_20180317_073831.jpg','VhmcrPWTekY3e2q3AhmUCoiff3d5bp8BsrtLaVYB.jpeg','2018-02-22 06:44:26','2018-04-22 00:00:00','Receipt # 13 Notes....',NULL,'2018-03-17 02:39:36','2018-03-19 11:55:04','2018-03-19 11:55:04'),
(153,151,'receipt','Receipt # 14','image/jpeg','IMG_20180317_074113.jpg','tRuXrZIF68URS6gQXLFECoGqU90YfrqhFNEBuRhF.jpeg','2018-02-22 06:44:26','2018-04-16 00:00:00','Receipt # 14 Notes...',NULL,'2018-03-17 02:44:16','2018-03-19 11:45:22','2018-03-19 11:45:22'),
(154,151,'receipt','Receipt # 15','image/jpeg','IMG_20180317_074453.jpg','rajkdWEXN0wBNveMisaOlqZ2ubJ9m2KdsrTunZVF.jpeg','2018-02-22 06:44:26','2018-05-10 00:00:00','Receipt # 15 Notes...',NULL,'2018-03-17 02:45:54','2018-03-19 11:47:58','2018-03-19 11:47:58'),
(155,151,'receipt','Co1','image/jpeg','IMG_20180317_074632.jpg','U1lHdgRc5HcW9gGIDjS05ednXeenFHHbF8D1TOvN.jpeg','2018-02-22 06:44:26','2018-03-17 00:00:00','Coupon 1...',NULL,'2018-03-17 02:47:21','2018-03-19 11:44:29','2018-03-19 11:44:29'),
(156,151,'receipt','Co2','image/jpeg','IMG_20180317_074723.jpg','x0TeiL4QFGmamVH0KREWm1JZuFVwKDkvxhoLSbQF.jpeg','2018-02-22 06:44:26','2018-03-18 00:00:00','Coupon 2',NULL,'2018-03-17 02:48:51','2018-03-19 11:54:26','2018-03-19 11:54:26'),
(157,151,'receipt','C2','image/jpeg','IMG_20180317_074723.jpg','d0Zioy2qIFrI50ACObYVsonOzCdalXNRHdwzSV20.jpeg','2018-02-22 06:44:26','2018-03-18 00:00:00','Coupon 2',NULL,'2018-03-17 02:49:13','2018-03-17 02:50:29','2018-03-17 02:50:29'),
(158,151,'receipt','Co3','image/jpeg','IMG_20180317_074923.jpg','FAipPWSK5DEFMDuLEAns86jayupnodscwr99Q0do.jpeg','2018-02-22 06:44:26','2018-03-19 00:00:00','Coupon 3',NULL,'2018-03-17 02:50:09','2018-03-19 11:42:58','2018-03-19 11:42:58'),
(159,151,'coupon','Co4','image/jpeg','IMG_20180317_075155.jpg','2NmvSEHvxgpIwAyERUjETi17nIopMPPen94iWAnm.jpeg','2018-02-22 06:44:26','2018-03-21 00:00:00','Coupon 4',NULL,'2018-03-17 02:52:46','2018-03-19 11:41:28','2018-03-19 11:41:28'),
(160,151,'coupon','Co5','image/jpeg','IMG_20180317_075415.jpg','wGT9YrFJJVFCay5TxS4BajfWAgBhEuVAdACC9WGY.jpeg','2018-02-22 06:44:26','2018-03-22 00:00:00','Coupon 5',NULL,'2018-03-17 02:54:56','2018-03-19 11:40:17','2018-03-19 11:40:17'),
(161,151,'coupon','Co6','image/jpeg','IMG_20180317_075559.jpg','xaMp8Zi2grD44mDhLzierx9Z9mzBGmudH8s7RD5D.jpeg','2018-02-22 06:44:26','2018-03-24 00:00:00','Coupon 6',NULL,'2018-03-17 02:56:48','2018-03-19 11:38:36','2018-03-19 11:38:36'),
(162,151,'receipt','Co6','image/jpeg','IMG_20180317_075655.jpg','p5jmlEqA7pT4QblViYWTiXgwMVG1pghej1A31Ss9.jpeg','2018-02-22 06:44:26','2018-04-19 00:00:00','Coupon 6',NULL,'2018-03-17 02:57:41','2018-03-19 11:37:08','2018-03-19 11:37:08'),
(163,151,'coupon','Co7','image/jpeg','IMG_20180317_075942.jpg','m9gQzXMKeC607rjW9a8ROouYYvygdRYfqblPeOVF.jpeg','2018-02-22 06:44:26','2018-04-16 00:00:00','Coupon 7',NULL,'2018-03-17 03:00:27','2018-03-19 10:52:58','2018-03-19 10:52:58'),
(164,151,'receipt','Recipe Name','image/jpeg','IMG_20180319_104540.jpg','QMflBmiMUz9nbx26AvwW0UFqQebQcJEaitI0vrZ8.jpeg','2018-02-22 06:44:26','2018-03-22 00:00:00','Test',NULL,'2018-03-19 05:46:20','2018-03-19 11:21:34','2018-03-19 11:21:34'),
(165,151,'receipt','Recipe Name','image/jpeg','IMG_20180319_104540.jpg','Av300N8l5Yd1o6H2829jtT6qfUV6OZvN6bgLmkfQ.jpeg','2018-02-22 06:44:26','2018-03-22 00:00:00','Test',NULL,'2018-03-19 05:46:22','2018-03-19 11:21:34','2018-03-19 11:21:34'),
(166,151,'receipt','Recipe Name','image/jpeg','IMG_20180319_104540.jpg','ajanJfSk31bvkWdxpjxTqULYZc5qTt1NcgE3M13I.jpeg','2018-02-22 06:44:26','2018-03-22 00:00:00','Test',NULL,'2018-03-19 05:46:23','2018-03-19 11:21:34','2018-03-19 11:21:34'),
(167,151,'receipt','Recipe Name','image/jpeg','IMG_20180319_104540.jpg','Zpfn7mndo46BWqjlJQkTvzsJpCI13P7jzoukFOzD.jpeg','2018-02-22 06:44:26','2018-03-22 00:00:00','Test',NULL,'2018-03-19 05:46:26','2018-03-19 11:21:34','2018-03-19 11:21:34'),
(168,151,'receipt','Recipe Name','image/jpeg','IMG_20180319_104540.jpg','t0hoMxv6sH0T7Xtlf0eQUyIzsrVcW2jxrAwytig9.jpeg','2018-02-22 06:44:26','2018-03-22 00:00:00','Test',NULL,'2018-03-19 05:46:26','2018-03-19 11:21:34','2018-03-19 11:21:34'),
(169,151,'receipt','Recipe Name','image/jpeg','IMG_20180319_104540.jpg','qQwhcnzwqOLf8rBvWeuRRWX4WXlKxPwQxLWeysEU.jpeg','2018-02-22 06:44:26','2018-03-22 00:00:00','Test',NULL,'2018-03-19 05:46:29','2018-03-19 11:21:34','2018-03-19 11:21:34'),
(170,151,'receipt','Recipe Name','image/jpeg','IMG_20180319_104540.jpg','LRkrUm7x8QphUXsE06Vlt7nb1BBJ0NPYfMJzGTpk.jpeg','2018-02-22 06:44:26','2018-03-22 00:00:00','Test',NULL,'2018-03-19 05:46:32','2018-03-19 11:21:34','2018-03-19 11:21:34'),
(171,151,'receipt','Recipe Name','image/jpeg','IMG_20180319_104540.jpg','732V8Ceu1uOCV4FiDxp1LdNZKQCjtN2VlYTjwtdq.jpeg','2018-02-22 06:44:26','2018-03-22 00:00:00','Test',NULL,'2018-03-19 05:46:33','2018-03-19 11:21:34','2018-03-19 11:21:34'),
(172,152,'coupon','Coup','image/jpeg','IMG_20180319_142156.jpg','DNf3kTX93hG7tuZXKUPHDNe9KRSd1f6zHq7g1bBs.jpeg','2018-02-22 06:44:26','2018-03-19 00:00:00','Vhghhfhc',NULL,'2018-03-19 09:23:39','2018-03-19 11:46:09','2018-03-19 11:46:09'),
(173,154,'receipt','Iphone','image/jpeg','IMG_20180319_171713.jpg','vcZinEeJqp5Oju1877FltycJzKraPJofKhCHyFvc.jpeg','2018-02-22 06:44:26','2018-03-31 00:00:00','Testing IPhone Image',NULL,'2018-03-19 12:17:56','2018-03-19 14:37:21','2018-03-19 14:37:21'),
(174,154,'receipt','Shoes Nike','image/jpeg','IMG_20180319_172807.jpg','M0yiWFazsDdLKRs477K5h5WrusHSVRqkqk79iA8U.jpeg','2018-02-22 06:44:26','2018-03-31 00:00:00','Testing',NULL,'2018-03-19 12:28:55','2018-03-19 14:37:21','2018-03-19 14:37:21'),
(175,154,'receipt','Djjdk','image/jpeg','IMG_20180319_172921.jpg','peieO8Tt4Y1GH0zx7lC2UR9NCEHo50lUiFa7x1E8.jpeg','2018-02-22 06:44:26','2018-03-19 00:00:00','Djjdjdk',NULL,'2018-03-19 12:29:46','2018-03-19 14:37:21','2018-03-19 14:37:21'),
(176,155,'receipt','Ajeeb','image/jpeg','IMG_20180319_173359.jpg','mvbuGSb2drOiMWUvpcQ7wSmsK9R1C1JhseRk9hxR.jpeg','2018-02-22 06:44:26','2018-03-30 00:00:00','Ksjsksk',NULL,'2018-03-19 12:34:38','2018-03-19 15:36:26','2018-03-19 15:36:26'),
(177,155,'receipt','Bottle','image/jpeg','IMG_20180319_173510.jpg','ch5suxRGuryPr8nfSLYukOqyoBXGIDx6oz8gPwkG.jpeg','2018-02-22 06:44:26','2018-03-29 00:00:00','Jdjdjjfkfkg',NULL,'2018-03-19 12:35:56','2018-03-19 15:36:26','2018-03-19 15:36:26'),
(178,155,'receipt','Sjjsjs','image/jpeg','IMG_20180319_174612.jpg','c3TQbtKsL3JsdKvGXe9YBko3AMKAXRnccJl9fMv1.jpeg','2018-02-22 06:44:26','2018-03-30 00:00:00','Jdjxjxj',NULL,'2018-03-19 12:46:40','2018-03-19 15:36:26','2018-03-19 15:36:26'),
(179,154,'receipt','Bag','image/jpeg','IMG_20180319_192024.jpg','n4vIaEjZsTllotAyA2ow14UNrt4CrNetEQE2YgIg.jpeg','2018-02-22 06:44:26','2018-03-22 00:00:00','Jffjkgj',NULL,'2018-03-19 14:20:45','2018-03-19 14:45:30','2018-03-19 14:45:30'),
(180,154,'receipt','Jsjd','image/jpeg','IMG_20180319_193249.jpg','EVHjAH4z7WUDwB5C1erIkJGGzStNStul1eMt6aKv.jpeg','2018-02-22 06:44:26','2018-03-30 00:00:00','Shjdjdj',NULL,'2018-03-19 14:33:21','2018-03-19 14:36:22','2018-03-19 14:36:22'),
(181,154,'receipt','Hkddkgdgk','image/jpeg','IMG_20180319_193441.jpg','ZtIW7bTOM6BKJI4SFq1SKkjP1nL9rkyDpJAAmzop.jpeg','2018-02-22 06:44:26','2018-03-21 00:00:00','Fjzsgjjfs',NULL,'2018-03-19 14:35:10','2018-03-19 14:36:22','2018-03-19 14:36:22'),
(182,154,'receipt','Wood','image/jpeg','IMG_20180319_193726.jpg','N8YldTrdn1lP3oYyfQlUJS8V3jtX8LgPwzIfVlUA.jpeg','2018-02-22 06:44:26','2018-03-23 00:00:00','Jdjdjjf',NULL,'2018-03-19 14:37:54','2018-03-19 14:45:30','2018-03-19 14:45:30'),
(183,154,'receipt','Pc','image/jpeg','IMG_20180319_193803.jpg','G23hWjcU8yFoVNLmkR2BI5g3vssUujNrHiewUoHQ.jpeg','2018-02-22 06:44:26','2018-03-21 00:00:00','Jdksjkd',NULL,'2018-03-19 14:38:30','2018-03-19 14:45:30','2018-03-19 14:45:30'),
(184,154,'receipt','Cap Bottle','image/jpeg','IMG_20180319_194549.jpg','UnFtSWPvZCgBbzFAtkiFcjcU924b5ves42MiY7g6.jpeg','2018-02-22 06:44:26','2018-03-31 00:00:00','Test',NULL,'2018-03-19 14:46:16','2018-03-19 15:36:26','2018-03-19 15:36:26'),
(185,154,'receipt','Bottle 123','image/jpeg','IMG_20180319_194705.jpg','Ch2lYQhRoe1MifrES4VQcHxLIDW7btbEUhsWvgUy.jpeg','2018-02-22 06:44:26','2018-03-31 00:00:00','Test',NULL,'2018-03-19 14:47:32','2018-03-19 15:36:26','2018-03-19 15:36:26'),
(186,154,'receipt','Google','image/jpeg','IMG_20180319_194750.jpg','K2v3geba4NIg2quAICd47PjJVzlJq648MvGekOWC.jpeg','2018-02-22 06:44:26','2018-03-31 00:00:00','Test',NULL,'2018-03-19 14:48:08','2018-03-19 15:36:26','2018-03-19 15:36:26'),
(187,156,'giftcard','Test','image/jpeg','IMG_20180319_194912.jpg','RFl58UViil4IA6WVKD72Ojdokbz7Em8qjSAulXu1.jpeg','2018-02-22 06:44:26','2018-03-31 00:00:00','Test',101,'2018-03-19 14:49:33','2018-03-19 15:36:26','2018-03-19 15:36:26'),
(188,154,'receipt','Jdkdk','image/jpeg','IMG_20180319_195901.jpg','u6t63sXaW4eqEbQM5QDpfdrJG5LxkIjw8bBRk4p3.jpeg','2018-02-22 06:44:26','2018-03-19 00:00:00','Jzjdjj',NULL,'2018-03-19 14:59:27','2018-03-19 15:36:26','2018-03-19 15:36:26'),
(189,154,'receipt','Jdjdj','image/jpeg','IMG_20180319_200849.jpg','LWeSsTVeYzeBILC9ifFefQhg9aMryK8jjJtEgFwQ.jpeg','2018-02-22 06:44:26','2018-03-23 00:00:00','Dnndjdj',NULL,'2018-03-19 15:11:46','2018-03-19 15:36:26','2018-03-19 15:36:26'),
(190,157,'receipt','Phone No.1','image/jpeg','IMG_20180319_203918.jpg','3J766o8eeKifrDhRWyWvT2gBTlYG2XHtEk8ES9KE.jpeg','2018-02-22 06:44:26','2018-03-31 00:00:00','Phone Number One',NULL,'2018-03-19 15:40:11','2018-03-19 17:41:20','2018-03-19 17:41:20'),
(191,157,'receipt','Owais','image/jpeg','IMG_20180319_204037.jpg','lpXklhYCLxZKeK0qs6prWkyQ7vVdXMWOHsOBDel5.jpeg','2018-02-22 06:44:26','2018-03-31 00:00:00','Test',NULL,'2018-03-19 15:41:09','2018-03-19 17:41:20','2018-03-19 17:41:20'),
(192,157,'receipt','Name Q','image/jpeg','IMG_20180319_204203.jpg','qRwlhpovPbMQqo39vscBkHpjEZgSmlyQSNZd5NqJ.jpeg','2018-02-22 06:44:26','2018-03-31 00:00:00','Test',NULL,'2018-03-19 15:42:24','2018-03-19 17:41:20','2018-03-19 17:41:20'),
(193,159,'receipt','Samsung S4','image/jpeg','IMG_20180319_224459.jpg','29q0gZ03liDtvw1Dc01jDkVnmTxxkLuZ70yYL8Nb.jpeg','2018-02-22 06:44:26','2018-03-31 00:00:00','Samsung S4',NULL,'2018-03-19 17:46:02','2018-03-20 08:47:21','2018-03-20 08:47:21'),
(194,159,'coupon','Intel Laptop','image/jpeg','IMG_20180319_224707.jpg','sfXKoXqBTM8dOgydBspMYXhVS6lSI6cA1wxkqb3s.jpeg','2018-02-22 06:44:26','2018-03-31 00:00:00','INTEL LAPTOP',NULL,'2018-03-19 17:48:34','2018-03-19 17:48:34',NULL),
(195,160,'receipt','ILMA UNIVERSITY','image/jpeg','IMG_20180319_224927.jpg','6Zp97uQfUcf9MgGEAiUM6xYqo6F9Pg66uNuzYE9Z.jpeg','2018-02-22 06:44:26','2018-03-31 00:00:00','ILMA UNIVERSITY',NULL,'2018-03-19 17:52:12','2018-03-19 17:52:12',NULL),
(196,159,'receipt','Right','image/jpeg','IMG_20180319_231702.jpg','EvPUUn8dVbrtYgPjS4nWmsj4m5oPh2t4fO5XV38V.jpeg','2018-02-22 06:44:26','2018-03-31 00:00:00','Test',NULL,'2018-03-19 18:17:30','2018-03-20 08:47:20','2018-03-20 08:47:20'),
(197,164,'receipt','Owais','image/jpeg','IMG_20180320_135850.jpg','Qv89jOp6p1i6JHgLUjMlitRpxdHwzFIV9eeJ3RVt.jpeg','2018-02-22 06:44:26','2018-03-31 00:00:00','Test',NULL,'2018-03-20 08:59:16','2018-03-20 08:59:16',NULL),
(198,165,'receipt','Owais','image/jpeg','IMG_20180320_142655.jpg','vRfMezIra6R8pgpkw41Vh0R73a41oj7B5jr5eQrH.jpeg','2018-02-22 06:44:26','2020-04-30 00:00:00','Test Test',NULL,'2018-03-20 09:28:04','2018-03-20 09:28:04',NULL),
(199,164,'receipt','Dell','image/jpeg','IMG_20180320_142923.jpg','46GtVfUMuspZZwczbflzdl2NYQF5PLFDlTPdbLLx.jpeg','2018-02-22 06:44:26','2018-03-21 00:00:00','Dell Intel',NULL,'2018-03-20 09:30:04','2018-03-20 09:30:04',NULL),
(200,166,'coupon','This Is The Computer.......','image/jpeg','IMG_20180320_145117.jpg','blvLaYJQPLB20Oxr5coyE1bod3dpkcDq9XkvAAns.jpeg','2018-02-22 06:44:26','2018-03-31 00:00:00','Testing',NULL,'2018-03-20 09:52:33','2018-03-20 10:04:19','2018-03-20 10:04:19'),
(201,166,'receipt','Thanks Again To This Really Helps','image/jpeg','IMG_20180320_145431.jpg','Xl8L7be4ANY8Ai2O09lEAU8VgE7qvw3NNXD8kNPr.jpeg','2018-02-22 06:44:26','2018-03-23 00:00:00','My Husband Request A New York Times E',NULL,'2018-03-20 09:55:12','2018-03-20 10:04:19','2018-03-20 10:04:19'),
(202,166,'coupon','Ru The Turned On At 7 nue For Ur Us U Due','image/jpeg','IMG_20180320_145756.jpg','0WT5NNJT8dSKMyRUnlraYKNA5ng15So2NiqUVdKm.jpeg','2018-02-22 06:44:26','2018-03-31 00:00:00','3;\'(($!#!:)#)0#(_+I Will To Be There For 46 U',NULL,'2018-03-20 10:02:21','2018-03-20 10:04:19','2018-03-20 10:04:19'),
(203,169,'receipt','What I R','image/jpeg','IMG_20180320_150840.jpg','ttWMvx71YyA6njFL7UZZBfRVM5av492TpqfBH5Mj.jpeg','2018-02-22 06:44:26','2018-03-24 00:00:00','Duiriri',NULL,'2018-03-20 10:09:12','2018-03-20 10:09:12',NULL),
(204,168,'receipt','My Husband Request','image/jpeg','IMG_20180320_150954.jpg','hNS1JLZ2Kdp0AuC0LNZObHPVO6Vkqi4GKcHIJooY.jpeg','2018-02-22 06:44:26','2018-03-30 00:00:00','My Husband Request To Be',NULL,'2018-03-20 10:10:34','2018-03-20 10:10:34',NULL),
(205,171,'receipt','Dhdhdhd','image/jpeg','IMG_20180320_151353.jpg','f1IE3IxehI8ChW7IzFQOMQee5uyjNksZIttlPt9e.jpeg','2018-02-22 06:44:26','2018-03-23 00:00:00','Dvdhdhdkddjdjdj',NULL,'2018-03-20 10:14:22','2018-03-20 10:14:22',NULL),
(206,168,'receipt','Owaid','image/jpeg','IMG_20180320_151718.jpg','zARS0DLdi5QyndSehHnyU163uvG55bzVeU3fWYab.jpeg','2018-02-22 06:44:26','2018-03-31 00:00:00','Owais',NULL,'2018-03-20 10:18:34','2018-03-20 10:18:34',NULL),
(207,181,'receipt','Ddkdkd','image/jpeg','IMG_20180320_234927.jpg','aUAaf5sPXXnjjiEWQrg3CrmR8lWq9SYj0hk43vsl.jpeg','2018-02-22 06:44:26','2018-03-30 00:00:00','Djsjsjdkd',NULL,'2018-03-20 18:49:55','2018-03-20 18:49:55',NULL),
(208,180,'receipt','Dhdhd','image/jpeg','IMG_20180320_235106.jpg','wFUei8NEcypHeAH4U8lHQLgGXqQojfSJcPaQF92D.jpeg','2018-02-22 06:44:26','2018-03-30 00:00:00','Dhehdhd',NULL,'2018-03-20 18:51:32','2018-03-20 18:51:32',NULL),
(209,180,'receipt','Gzgzsgsg','image/jpeg','IMG_20180320_235148.jpg','Yph2vd0TnIYit18NTaS0ypPv2wL0Tel1gBmFwFd5.jpeg','2018-02-22 06:44:26','2018-03-20 00:00:00','Zbsb',NULL,'2018-03-20 18:52:19','2018-03-20 18:52:19',NULL),
(210,182,'receipt','Jdjdj','image/jpeg','IMG_20180321_000357.jpg','aknn9ceZRWjBEq9Dbg1nBpzINeKfI7PvRiDbtFfj.jpeg','2018-02-22 06:44:26','2018-03-21 00:00:00','Sjdjjd',NULL,'2018-03-20 19:04:36','2018-03-20 19:04:36',NULL),
(211,182,'receipt','Kgxgjddgk','image/jpeg','IMG_20180321_000953.jpg','Uy3MwHRIVlvGOy1X00tIgukdQlnUAmuSCmEJmHWf.jpeg','2018-02-22 06:44:26','2018-03-30 00:00:00','Gsujgdjdf',NULL,'2018-03-20 19:10:19','2018-03-20 19:10:19',NULL),
(212,182,'receipt','Bdhdhd','image/jpeg','IMG_20180321_001336.jpg','J8earorDQkwzrvXdX6H7CiZcItm71mMzIOT50dCJ.jpeg','2018-02-22 06:44:26','2018-03-29 00:00:00','Jsjsjdhd',NULL,'2018-03-20 19:14:04','2018-03-20 19:14:04',NULL),
(213,182,'receipt','Dujdj','image/jpeg','IMG_20180321_001550.jpg','Sy2R5I2uapMx64Bg6RbgEwx2ZIAe3FDTeY16uSeg.jpeg','2018-02-22 06:44:26','2018-03-31 00:00:00','Hdhdhdjd',NULL,'2018-03-20 19:16:18','2018-03-20 19:16:18',NULL),
(214,182,'receipt','Gjgjjg','image/jpeg','IMG_20180321_001859.jpg','Em8OmdK9ivsKpmgrRAWwe4CmmxcZOdUQeWlMJwAW.jpeg','2018-02-22 06:44:26','2018-03-21 00:00:00','Jgfjfjgjkggj',NULL,'2018-03-20 19:21:57','2018-03-20 19:21:57',NULL),
(215,182,'receipt','Paagal','image/jpeg','IMG_20180321_002812.jpg','PXTUSY1aXTWR7wBdvYFyrbsk34QVXmCLzAhaEVf2.jpeg','2018-02-22 06:44:26','2018-03-23 00:00:00','Xhhdhdhd',NULL,'2018-03-20 19:31:05','2018-03-20 19:31:05',NULL),
(216,183,'receipt','Owais Document One','image/jpeg','IMG_20180321_144853.jpg','HlrtJe4KxNW8KOLSDzvxcNct6BNzzIeV1w0upg0l.jpeg','2018-02-22 06:44:26','2018-03-31 00:00:00','Admin',NULL,'2018-03-21 09:54:26','2018-03-21 09:55:56',NULL),
(217,183,'receipt','Receipt Number 1','image/jpeg','IMG_20180321_145729.jpg','hzrkvUmWioHUbAJZLaxzwgp6IUZnOsAk5c4dyfew.jpeg','2018-02-22 06:44:26','2018-03-31 00:00:00','Testing receipt',NULL,'2018-03-21 10:00:28','2018-03-21 10:00:28',NULL),
(218,186,'receipt','Folder 2','image/jpeg','IMG_20180321_163045.jpg','Qsl0GYhoMubjruKYm20YL3uViLdkNLLLpjHnDu59.jpeg','2018-02-22 06:44:26','2018-03-31 00:00:00','Test',NULL,'2018-03-21 11:34:00','2018-03-21 11:34:55','2018-03-21 11:34:55'),
(219,189,'receipt','Gold Leaf','image/jpeg','IMG_20180321_164701.jpg','YI4eGLcOEGefQqQgy0sLp6KfPPE9No4CoAYT59E3.jpeg','2018-02-22 06:44:26','2018-03-31 00:00:00','Gold Leaf',NULL,'2018-03-21 11:51:47','2018-03-21 11:51:47',NULL),
(220,190,'receipt','nfnfjfjfjfbdbdb','image/jpeg','IMG_20180321_165203.jpg','PnU4dncOyO8P0DfpdbKZpUBdiU8Seg6d4gurBq4v.jpeg','2018-02-22 06:44:26','2018-03-31 00:00:00','Gdhdnfnfndnfnfnfnfndndndndjdjdkskfnf fjcbcbfbfnfnfbfbfbfbfjficodkrbrhxudnfnfbdjfjfbfndjdudj',NULL,'2018-03-21 11:58:11','2018-03-21 11:58:11',NULL),
(221,193,'receipt','Testing Image','image/jpeg','IMG_20180321_172324.jpg','p4l89SVU4J3PQoIoPrAo2GSNyTXWQZIM5ufWdkR6.jpeg','2018-02-22 06:44:26','2018-03-21 00:00:00','Something',NULL,'2018-03-21 12:26:46','2018-03-21 12:28:02',NULL),
(222,196,'receipt','This Is Intel Pre Processor','image/jpeg','IMG_20180321_193738.jpg','rQTbjcOoEks5rpvlKqa4iHubp1i8aH3VjgNnTZwH.jpeg','2018-02-22 06:44:26','2018-03-31 00:00:00','Three',NULL,'2018-03-21 14:41:02','2018-03-21 14:41:02',NULL),
(223,194,'receipt','Gold Leaf','image/jpeg','IMG_20180321_194352.jpg','O9uIIuqxTZHqxtjGedcmlfjCWrhjmJYFr4P4srgU.jpeg','2018-02-22 06:44:26','2018-03-30 00:00:00','Test',NULL,'2018-03-21 14:44:44','2018-03-21 14:44:44',NULL),
(224,195,'receipt','Google','image/jpeg','IMG_20180321_195250.jpg','EMfxK6Zvp6UbMtii1QwKseXrzXklJt1KJUJl0NAx.jpeg','2018-02-22 06:44:26','2018-03-31 00:00:00','Test',NULL,'2018-03-21 14:55:11','2018-03-21 14:55:11',NULL),
(225,200,'receipt','Hooozkgjfzfjzgkzkgxkgxkgxjgxxmgkgxkgxjgzkgzktzkgzk','image/jpeg','IMG_20180321_200550.jpg','OhTsOlEATUPvGgn2XvwWFdd15o2JFp9e0jfsSNZK.jpeg','2018-02-22 06:44:26','2018-03-31 00:00:00','Jgxjgzjgxjgzkgzxkgxkgxkgxkgxkgxkgxkxgkgxkgxkgxkgxkgxkgxkyxkyxkykdy',NULL,'2018-03-21 15:06:39','2018-03-21 15:06:39',NULL),
(226,123,'receipt','Intel','image/jpeg','IMG_20180321_200747.jpg','ulQLh1jTdEPgUDS33LYuCpnHuCaphaW2929BCiGg.jpeg','2018-02-22 06:44:26','2018-03-31 00:00:00','Test',NULL,'2018-03-21 15:10:41','2018-03-21 15:10:41',NULL),
(227,203,'receipt','Good Good','image/jpeg','IMG_20180321_201034.jpg','X8zwc82I4MYiDlCXtDtmvZmNgxJzyOZ8cBenz48Z.jpeg','2018-02-22 06:44:26','2018-03-31 00:00:00','Test',NULL,'2018-03-21 15:13:26','2018-03-21 15:29:00','2018-03-21 15:29:00'),
(228,194,'giftcard','Ccgvcxcvc','image/jpeg','IMG_20180321_201618.jpg','Frq0L5iN5uU68wCj1hCJRoXKVcCggjcXt8SXBNzQ.jpeg','2018-02-22 06:44:26','2018-03-21 00:00:00','Gvcxxx',101,'2018-03-21 15:18:21','2018-03-21 15:18:21',NULL),
(229,206,'receipt','Gjfhh','image/jpeg','IMG_20180321_203357.jpg','42ab0qi02ZM2gV4ezRCysa4IPCYBnsnpAJLd8bqZ.jpeg','2018-02-22 06:44:26','2018-03-21 00:00:00','Vhgjvf',NULL,'2018-03-21 15:34:57','2018-03-21 15:34:57',NULL),
(230,194,'coupon','Bxndnf','image/jpeg','IMG_20180321_203520.jpg','kDPqf4t1Usm5s3ebsHifGRnfFDuKvuyT1j9JXS2f.jpeg','2018-02-22 06:44:26','2018-03-21 00:00:00','Hdjfjfj',NULL,'2018-03-21 15:36:08','2018-03-21 15:36:08',NULL),
(231,182,'receipt','Trouser','image/jpeg','IMG_20180321_224111.jpg','eOAYLOelXDMeGQJXDwOEdguRhofdwQWVhcGV4m8R.jpeg','2018-02-22 06:44:26','2018-03-30 00:00:00','White coloured trousers....',NULL,'2018-03-21 17:44:02','2018-03-21 17:44:02',NULL),
(232,182,'coupon','Coupon','image/jpeg','IMG_20180321_224526.jpg','p4hXihqiQ2wdrm8cAq5v6LKUU7168GWDHLwHsb7a.jpeg','2018-02-22 06:44:26','2018-03-29 00:00:00','Xnxnmffn',NULL,'2018-03-21 17:46:14','2018-03-21 17:46:14',NULL),
(233,182,'receipt','Ksksk','image/jpeg','IMG_20180321_224713.jpg','7c2psBBXBM09HwETARykAINtotuyFGglbBcFFkvG.jpeg','2018-02-22 06:44:26','2018-03-28 00:00:00','Ksksksks',NULL,'2018-03-21 17:47:55','2018-03-21 17:47:55',NULL),
(234,182,'receipt','Dkdk','image/jpeg','IMG_20180321_224813.jpg','rVmH4LvNK8mf8RFDo1jKPehlk4vWRDv3fwKiPAda.jpeg','2018-02-22 06:44:26','2018-03-29 00:00:00','Kskskz',NULL,'2018-03-21 17:48:47','2018-03-21 17:48:47',NULL);

/*Table structure for table `user_roles` */

DROP TABLE IF EXISTS `user_roles`;

CREATE TABLE `user_roles` (
  `id` int(11) unsigned NOT NULL AUTO_INCREMENT,
  `user_id` bigint(20) unsigned NOT NULL,
  `role_id` int(11) DEFAULT NULL,
  `created_at` datetime DEFAULT NULL,
  `updated_at` datetime DEFAULT NULL,
  `deleted_at` datetime DEFAULT NULL,
  PRIMARY KEY (`id`),
  KEY `roles_user_id` (`user_id`),
  CONSTRAINT `roles_user_id` FOREIGN KEY (`user_id`) REFERENCES `users` (`id`) ON DELETE CASCADE ON UPDATE CASCADE
) ENGINE=InnoDB AUTO_INCREMENT=3 DEFAULT CHARSET=latin1;

/*Data for the table `user_roles` */

insert  into `user_roles`(`id`,`user_id`,`role_id`,`created_at`,`updated_at`,`deleted_at`) values 
(2,3,1,'2018-02-27 07:04:27',NULL,NULL);

/*Table structure for table `user_social_accounts` */

DROP TABLE IF EXISTS `user_social_accounts`;

CREATE TABLE `user_social_accounts` (
  `id` bigint(20) unsigned NOT NULL AUTO_INCREMENT,
  `user_id` bigint(20) unsigned NOT NULL,
  `social_network` enum('facebook','twitter','google') COLLATE utf8mb4_unicode_ci NOT NULL DEFAULT 'facebook',
  `social_network_id` text COLLATE utf8mb4_unicode_ci NOT NULL,
  `created_at` timestamp NULL DEFAULT NULL,
  `updated_at` timestamp NULL DEFAULT NULL,
  `deleted_at` timestamp NULL DEFAULT NULL,
  PRIMARY KEY (`id`),
  KEY `user_social_accounts_user_id_foreign` (`user_id`)
) ENGINE=InnoDB AUTO_INCREMENT=21 DEFAULT CHARSET=utf8mb4 COLLATE=utf8mb4_unicode_ci;

/*Data for the table `user_social_accounts` */

insert  into `user_social_accounts`(`id`,`user_id`,`social_network`,`social_network_id`,`created_at`,`updated_at`,`deleted_at`) values 
(1,39,'facebook','123455515255221','2018-03-20 14:09:59','2018-03-20 14:09:59',NULL),
(2,41,'facebook','123455515255221','2018-03-20 14:19:58','2018-03-20 14:19:58',NULL),
(3,44,'facebook','1','2018-03-20 17:52:18','2018-03-20 17:52:18',NULL),
(4,48,'facebook','235626200343075','2018-03-20 18:12:06','2018-03-20 18:12:06',NULL),
(5,49,'facebook','805742839669944320','2018-03-20 18:12:21','2018-03-20 18:12:21',NULL),
(6,53,'twitter','123455512211','2018-03-21 06:18:36','2018-03-21 06:18:36',NULL),
(7,54,'google','109367528452399870436','2018-03-21 06:21:14','2018-03-21 06:21:14',NULL),
(8,55,'google','eyJhbGciOiJSUzI1NiIsImtpZCI6ImM2ZjBlZTE2YmU3MGM0ODhkZDM5ZGI3MGY2ZjRkMTM3YTA0ODkxZTMifQ.eyJhenAiOiI0NTUzMzYxMTUyNzQtdWFkaDdoMjcxcG10MjQ5MmhybnFuOGtjbWJldms4bzguYXBwcy5nb29nbGV1c2VyY29udGVudC5jb20iLCJhdWQiOiI0NTUzMzYxMTUyNzQtZzk2NWFjZWxqYWI4bmVtcmtiOWdodDZjMXAxa2VocDAuYXBwcy5nb29nbGV1c2VyY29udGVudC5jb20iLCJzdWIiOiIxMDkzNjc1Mjg0NTIzOTk4NzA0MzYiLCJlbWFpbCI6InNvdWx6ZXIubWZhcmhhbkBnbWFpbC5jb20iLCJlbWFpbF92ZXJpZmllZCI6dHJ1ZSwiZXhwIjoxNTIxNjE2NTQ1LCJpc3MiOiJodHRwczovL2FjY291bnRzLmdvb2dsZS5jb20iLCJpYXQiOjE1MjE2MTI5NDUsIm5hbWUiOiJNdWhhbW1lZCBGYXJoYW4iLCJwaWN0dXJlIjoiaHR0cHM6Ly9saDQuZ29vZ2xldXNlcmNvbnRlbnQuY29tLy1EbzdYNWFIOHV0cy9BQUFBQUFBQUFBSS9BQUFBQUFBQUFESS9uUGFiNTBrX0g3cy9zOTYtYy9waG90by5qcGciLCJnaXZlbl9uYW1lIjoiTXVoYW1tZWQiLCJmYW1pbHlfbmFtZSI6IkZhcmhhbiIsImxvY2FsZSI6ImVuIn0.fhF5FGl2Hc-CcA42aypes2OGV2weX4jtA2gqV0483-T8woUKG2BZ5wCpow-H1IHFuW0L-YzdNBDCDVxjhSnVipDMmEMMhaOJiLzUxMK7S4PZvv_hU2dpz7o5nNjtGHyot68hNLxNO6HHCTdYdHWWk1v0GumC696s62mjKidoVZtt3_jEuSR8lTpEK4CVEvsy4PwMc9rzVkYEMHOhGzKXuP467kA2CkHuuLPCOh3ZFz3_yTGypaJK0P17LpJjeHtNw9vRYjuPU86s5fXZ6c14VH9P5CRP4d64LFLcW6SA08Ttcv7hZf-eGjfWhiccgVlHS97EqXfHVzp1glOpyQ0MAg','2018-03-21 06:22:00','2018-03-21 06:22:00',NULL),
(9,56,'facebook','123445666','2018-03-21 06:22:58','2018-03-21 06:22:58',NULL),
(10,58,'google','eyJhbGciOiJSUzI1NiIsImtpZCI6ImM2ZjBlZTE2YmU3MGM0ODhkZDM5ZGI3MGY2ZjRkMTM3YTA0ODkxZTMifQ.eyJhenAiOiI0NTUzMzYxMTUyNzQtdWFkaDdoMjcxcG10MjQ5MmhybnFuOGtjbWJldms4bzguYXBwcy5nb29nbGV1c2VyY29udGVudC5jb20iLCJhdWQiOiI0NTUzMzYxMTUyNzQtZzk2NWFjZWxqYWI4bmVtcmtiOWdodDZjMXAxa2VocDAuYXBwcy5nb29nbGV1c2VyY29udGVudC5jb20iLCJzdWIiOiIxMTAzMjcwNjUxOTI0Mjk5NDc0MDAiLCJlbWFpbCI6ImFwcG9jdGFkZXZAZ21haWwuY29tIiwiZW1haWxfdmVyaWZpZWQiOnRydWUsImV4cCI6MTUyMTU3MTUzOCwiaXNzIjoiaHR0cHM6Ly9hY2NvdW50cy5nb29nbGUuY29tIiwiaWF0IjoxNTIxNTY3OTM4LCJuYW1lIjoiQXBwT2N0YSBEZXYiLCJwaWN0dXJlIjoiaHR0cHM6Ly9saDQuZ29vZ2xldXNlcmNvbnRlbnQuY29tLy1fZDNSRWJkdVVmZy9BQUFBQUFBQUFBSS9BQUFBQUFBQUFBQS9BR2k0Z2Z3QUFYV3ZBVkl0R0lqMXp6b2JUUUdPdGh2WHZBL3M5Ni1jL3Bob3RvLmpwZyIsImdpdmVuX25hbWUiOiJBcHBPY3RhIiwiZmFtaWx5X25hbWUiOiJEZXYiLCJsb2NhbGUiOiJlbiJ9.OZvTIWQRSvtgRGhvl7outNPgYVXqsFG27gWvHvJym1mbljVgwoTC7JfiJLqBHFY91osirpGW68cKapqsfYEKdR-I3jyWwiY5gz0lQi6hYfqw4mlSU5z8_HvTN-Dwt4cw2eb8vp43ysplCLUZpp8felzFnAufcKWZBh-bJ856crst8oqF8SPix_xX2xrFckfo8azxkWvGL18W9OTaMGHhaSHw_6Yb_tsq8KoNoI8inKwmDjkWbSx2bRjtCiwkkWRo90KJgycrRt2Lnk_Of6Uuok2LUGtaxHggkQKhcJrk3Zpet6RZMKAHUsTN_vBeY6tz1KgWao3F36oimuWP9mwbyg','2018-03-21 06:28:01','2018-03-21 06:28:01',NULL),
(11,59,'google','eyJhbGciOiJSUzI1NaiIsImtpZCI6ImM2ZjBlZTE2YmU3MGM0ODhkZDM5ZGI3MGY2ZjRkMTM3YTA0ODkxZTMifQ.eyJhenAiOiI0NTUzMzYxMTUyNzQtdWFkaDdoMjcxcG10MjQ5MmhybnFuOGtjbWJldms4bzguYXBwcy5nb29nbGV1c2VyY29udGVudC5jb20iLCJhdWQiOiI0NTUzMzYxMTUyNzQtZzk2NWFjZWxqYWI4bmVtcmtiOWdodDZjMXAxa2VocDAuYXBwcy5nb29nbGV1c2VyY29udGVudC5jb20iLCJzdWIiOiIxMTAzMjcwNjUxOTI0Mjk5NDc0MDAiLCJlbWFpbCI6ImFwcG9jdGFkZXZAZ21haWwuY29tIiwiZW1haWxfdmVyaWZpZWQiOnRydWUsImV4cCI6MTUyMTU3MTUzOCwiaXNzIjoiaHR0cHM6Ly9hY2NvdW50cy5nb29nbGUuY29tIiwiaWF0IjoxNTIxNTY3OTM4LCJuYW1lIjoiQXBwT2N0YSBEZXYiLCJwaWN0dXJlIjoiaHR0cHM6Ly9saDQuZ29vZ2xldXNlcmNvbnRlbnQuY29tLy1fZDNSRWJkdVVmZy9BQUFBQUFBQUFBSS9BQUFBQUFBQUFBQS9BR2k0Z2Z3QUFYV3ZBVkl0R0lqMXp6b2JUUUdPdGh2WHZBL3M5Ni1jL3Bob3RvLmpwZyIsImdpdmVuX25hbWUiOiJBcHBPY3RhIiwiZmFtaWx5X25hbWUiOiJEZXYiLCJsb2NhbGUiOiJlbiJ9.OZvTIWQRSvtgRGhvl7outNPgYVXqsFG27gWvHvJym1mbljVgwoTC7JfiJLqBHFY91osirpGW68cKapqsfYEKdR-I3jyWwiY5gz0lQi6hYfqw4mlSU5z8_HvTN-Dwt4cw2eb8vp43ysplCLUZpp8felzFnAufcKWZBh-bJ856crst8oqF8SPix_xX2xrFckfo8azxkWvGL18W9OTaMGHhaSHw_6Yb_tsq8KoNoI8inKwmDjkWbSx2bRjtCiwkkWRo90KJgycrRt2Lnk_Of6Uuok2LUGtaxHggkQKhcJrk3Zpet6RZMKAHUsTN_vBeY6tz1KgWao3F36oimuWP9mwbyg','2018-03-21 06:30:14','2018-03-21 06:30:14',NULL),
(12,60,'twitter','eyJhbGciOiJSUzI1NaiIsImtpZCI6ImM2ZjBlZTE2YmU3MGM0ODhkZDM5ZGI3MGY2ZjRkMTM3YTA0ODkxZTMifQ.eyJhenAiOiI0NTUzMzYxMTUyNzQtdWFkaDdoMjcxcG10MjQ5MmhybnFuOGtjbWJldms4bzguYXBwcy5nb29nbGV1c2VyY29udGVudC5jb20iLCJhdWQiOiI0NTUzMzYxMTUyNzQtZzk2NWFjZWxqYWI4bmVtcmtiOWdodDZjMXAxa2VocDAuYXBwcy5nb29nbGV1c2VyY29udGVudC5jb20iLCJzdWIiOiIxMTAzMjcwNjUxOTI0Mjk5NDc0MDAiLCJlbWFpbCI6ImFwcG9jdGFkZXZAZ21haWwuY29tIiwiZW1haWxfdmVyaWZpZWQiOnRydWUsImV4cCI6MTUyMTU3MTUzOCwiaXNzIjoiaHR0cHM6Ly9hY2NvdW50cy5nb29nbGUuY29tIiwiaWF0IjoxNTIxNTY3OTM4LCJuYW1lIjoiQXBwT2N0YSBEZXYiLCJwaWN0dXJlIjoiaHR0cHM6Ly9saDQuZ29vZ2xldXNlcmNvbnRlbnQuY29tLy1fZDNSRWJkdVVmZy9BQUFBQUFBQUFBSS9BQUFBQUFBQUFBQS9BR2k0Z2Z3QUFYV3ZBVkl0R0lqMXp6b2JUUUdPdGh2WHZBL3M5Ni1jL3Bob3RvLmpwZyIsImdpdmVuX25hbWUiOiJBcHBPY3RhIiwiZmFtaWx5X25hbWUiOiJEZXYiLCJsb2NhbGUiOiJlbiJ9.OZvTIWQRSvtgRGhvl7outNPgYVXqsFG27gWvHvJym1mbljVgwoTC7JfiJLqBHFY91osirpGW68cKapqsfYEKdR-I3jyWwiY5gz0lQi6hYfqw4mlSU5z8_HvTN-Dwt4cw2eb8vp43ysplCLUZpp8felzFnAufcKWZBh-bJ856crst8oqF8SPix_xX2xrFckfo8azxkWvGL18W9OTaMGHhaSHw_6Yb_tsq8KoNoI8inKwmDjkWbSx2bRjtCiwkkWRo90KJgycrRt2Lnk_Of6Uuok2LUGtaxHggkQKhcJrk3Zpet6RZMKAHUsTN_vBeY6tz1KgWao3F36oimuWP9mwbyg','2018-03-21 06:30:38','2018-03-21 06:30:38',NULL),
(13,61,'facebook','eyJhbGciOiJSUzI1NaiIsImtpZCI6ImM2ZjBlZTE2YmU3MGM0ODhkZDM5ZGI3MGY2ZjRkMTM3YTA0ODkxZTMifQ.eyJhenAiOiI0NTUzMzYxMTUyNzQtdWFkaDdoMjcxcG10MjQ5MmhybnFuOGtjbWJldms4bzguYXBwcy5nb29nbGV1c2VyY29udGVudC5jb20iLCJhdWQiOiI0NTUzMzYxMTUyNzQtZzk2NWFjZWxqYWI4bmVtcmtiOWdodDZjMXAxa2VocDAuYXBwcy5nb29nbGV1c2VyY29udGVudC5jb20iLCJzdWIiOiIxMTAzMjcwNjUxOTI0Mjk5NDc0MDAiLCJlbWFpbCI6ImFwcG9jdGFkZXZAZ21haWwuY29tIiwiZW1haWxfdmVyaWZpZWQiOnRydWUsImV4cCI6MTUyMTU3MTUzOCwiaXNzIjoiaHR0cHM6Ly9hY2NvdW50cy5nb29nbGUuY29tIiwiaWF0IjoxNTIxNTY3OTM4LCJuYW1lIjoiQXBwT2N0YSBEZXYiLCJwaWN0dXJlIjoiaHR0cHM6Ly9saDQuZ29vZ2xldXNlcmNvbnRlbnQuY29tLy1fZDNSRWJkdVVmZy9BQUFBQUFBQUFBSS9BQUFBQUFBQUFBQS9BR2k0Z2Z3QUFYV3ZBVkl0R0lqMXp6b2JUUUdPdGh2WHZBL3M5Ni1jL3Bob3RvLmpwZyIsImdpdmVuX25hbWUiOiJBcHBPY3RhIiwiZmFtaWx5X25hbWUiOiJEZXYiLCJsb2NhbGUiOiJlbiJ9.OZvTIWQRSvtgRGhvl7outNPgYVXqsFG27gWvHvJym1mbljVgwoTC7JfiJLqBHFY91osirpGW68cKapqsfYEKdR-I3jyWwiY5gz0lQi6hYfqw4mlSU5z8_HvTN-Dwt4cw2eb8vp43ysplCLUZpp8felzFnAufcKWZBh-bJ856crst8oqF8SPix_xX2xrFckfo8azxkWvGL18W9OTaMGHhaSHw_6Yb_tsq8KoNoI8inKwmDjkWbSx2bRjtCiwkkWRo90KJgycrRt2Lnk_Of6Uuok2LUGtaxHggkQKhcJrk3Zpet6RZMKAHUsTN_vBeY6tz1KgWao3F36oimuWP9mwbyg','2018-03-21 06:30:50','2018-03-21 06:30:50',NULL),
(14,64,'facebook','12344566687','2018-03-21 06:43:02','2018-03-21 06:43:02',NULL),
(15,65,'facebook','1234456668798','2018-03-21 06:45:16','2018-03-21 06:45:16',NULL),
(16,70,'twitter','805742839669944320','2018-03-21 07:00:48','2018-03-21 07:00:48',NULL),
(17,71,'google','eyJhbGciOiJSUzI1NaaiIsImtpZCI6ImM2ZjBlZTE2YmU3MGM0ODhkZDM5ZGI3MGY2ZjRkMTM3YTA0ODkxZTMifQ.eyJhenAiOiI0NTUzMzYxMTUyNzQtdWFkaDdoMjcxcG10MjQ5MmhybnFuOGtjbWJldms4bzguYXBwcy5nb29nbGV1c2VyY29udGVudC5jb20iLCJhdWQiOiI0NTUzMzYxMTUyNzQtZzk2NWFjZWxqYWI4bmVtcmtiOWdodDZjMXAxa2VocDAuYXBwcy5nb29nbGV1c2VyY29udGVudC5jb20iLCJzdWIiOiIxMTAzMjcwNjUxOTI0Mjk5NDc0MDAiLCJlbWFpbCI6ImFwcG9jdGFkZXZAZ21haWwuY29tIiwiZW1haWxfdmVyaWZpZWQiOnRydWUsImV4cCI6MTUyMTU3MTUzOCwiaXNzIjoiaHR0cHM6Ly9hY2NvdW50cy5nb29nbGUuY29tIiwiaWF0IjoxNTIxNTY3OTM4LCJuYW1lIjoiQXBwT2N0YSBEZXYiLCJwaWN0dXJlIjoiaHR0cHM6Ly9saDQuZ29vZ2xldXNlcmNvbnRlbnQuY29tLy1fZDNSRWJkdVVmZy9BQUFBQUFBQUFBSS9BQUFBQUFBQUFBQS9BR2k0Z2Z3QUFYV3ZBVkl0R0lqMXp6b2JUUUdPdGh2WHZBL3M5Ni1jL3Bob3RvLmpwZyIsImdpdmVuX25hbWUiOiJBcHBPY3RhIiwiZmFtaWx5X25hbWUiOiJEZXYiLCJsb2NhbGUiOiJlbiJ9.OZvTIWQRSvtgRGhvl7outNPgYVXqsFG27gWvHvJym1mbljVgwoTC7JfiJLqBHFY91osirpGW68cKapqsfYEKdR-I3jyWwiY5gz0lQi6hYfqw4mlSU5z8_HvTN-Dwt4cw2eb8vp43ysplCLUZpp8felzFnAufcKWZBh-bJ856crst8oqF8SPix_xX2xrFckfo8azxkWvGL18W9OTaMGHhaSHw_6Yb_tsq8KoNoI8inKwmDjkWbSx2bRjtCiwkkWRo90KJgycrRt2Lnk_Of6Uuok2LUGtaxHggkQKhcJrk3Zpet6RZMKAHUsTN_vBeY6tz1KgWao3F36oimuWP9mwbyg','2018-03-21 07:01:32','2018-03-21 07:01:32',NULL),
(18,72,'google','eyJhbGciOiJSUzI1NaaiIsImtapZCI6ImM2ZjBlZTE2YmU3MGM0ODhkZDM5ZGI3MGY2ZjRkMTM3YTA0ODkxZTMifQ.eyJhenAiOiI0NTUzMzYxMTUyNzQtdWFkaDdoMjcxcG10MjQ5MmhybnFuOGtjbWJldms4bzguYXBwcy5nb29nbGV1c2VyY29udGVudC5jb20iLCJhdWQiOiI0NTUzMzYxMTUyNzQtZzk2NWFjZWxqYWI4bmVtcmtiOWdodDZjMXAxa2VocDAuYXBwcy5nb29nbGV1c2VyY29udGVudC5jb20iLCJzdWIiOiIxMTAzMjcwNjUxOTI0Mjk5NDc0MDAiLCJlbWFpbCI6ImFwcG9jdGFkZXZAZ21haWwuY29tIiwiZW1haWxfdmVyaWZpZWQiOnRydWUsImV4cCI6MTUyMTU3MTUzOCwiaXNzIjoiaHR0cHM6Ly9hY2NvdW50cy5nb29nbGUuY29tIiwiaWF0IjoxNTIxNTY3OTM4LCJuYW1lIjoiQXBwT2N0YSBEZXYiLCJwaWN0dXJlIjoiaHR0cHM6Ly9saDQuZ29vZ2xldXNlcmNvbnRlbnQuY29tLy1fZDNSRWJkdVVmZy9BQUFBQUFBQUFBSS9BQUFBQUFBQUFBQS9BR2k0Z2Z3QUFYV3ZBVkl0R0lqMXp6b2JUUUdPdGh2WHZBL3M5Ni1jL3Bob3RvLmpwZyIsImdpdmVuX25hbWUiOiJBcHBPY3RhIiwiZmFtaWx5X25hbWUiOiJEZXYiLCJsb2NhbGUiOiJlbiJ9.OZvTIWQRSvtgRGhvl7outNPgYVXqsFG27gWvHvJym1mbljVgwoTC7JfiJLqBHFY91osirpGW68cKapqsfYEKdR-I3jyWwiY5gz0lQi6hYfqw4mlSU5z8_HvTN-Dwt4cw2eb8vp43ysplCLUZpp8felzFnAufcKWZBh-bJ856crst8oqF8SPix_xX2xrFckfo8azxkWvGL18W9OTaMGHhaSHw_6Yb_tsq8KoNoI8inKwmDjkWbSx2bRjtCiwkkWRo90KJgycrRt2Lnk_Of6Uuok2LUGtaxHggkQKhcJrk3Zpet6RZMKAHUsTN_vBeY6tz1KgWao3F36oimuWP9mwbyg','2018-03-21 07:01:47','2018-03-21 07:01:47',NULL),
(19,83,'twitter','736125568018743296','2018-03-21 14:10:24','2018-03-21 14:10:24',NULL),
(20,84,'google','110327065192429947400','2018-03-21 14:11:58','2018-03-21 14:11:58',NULL);

/*Table structure for table `users` */

DROP TABLE IF EXISTS `users`;

CREATE TABLE `users` (
  `id` bigint(20) unsigned NOT NULL AUTO_INCREMENT,
  `first_name` varchar(128) DEFAULT NULL,
  `last_name` varchar(128) DEFAULT NULL,
  `email` varchar(128) DEFAULT NULL,
  `username` varchar(128) DEFAULT NULL,
  `password` varchar(128) DEFAULT NULL,
  `subscription` enum('Free','Economy','Deluxe') DEFAULT 'Free',
  `age` int(2) DEFAULT NULL,
  `zip_code` int(6) DEFAULT NULL,
  `dob` datetime DEFAULT NULL,
  `image_path` varchar(255) DEFAULT NULL,
  `profile_pic` varchar(255) DEFAULT NULL,
  `visibility` int(1) DEFAULT '1',
  `gender` enum('male','female') DEFAULT NULL,
  `user_type` enum('Individual','Business') DEFAULT 'Individual',
  `business_name` varchar(255) DEFAULT NULL,
  `business_established_at` datetime DEFAULT NULL,
  `signup_via` enum('email','facebook','twitter','google') DEFAULT NULL,
  `sponser` text,
  `package` varchar(255) DEFAULT NULL,
  `radius` varchar(16) DEFAULT '5' COMMENT 'Miles',
  `lattitude` varchar(255) DEFAULT NULL,
  `dream_collage` text,
  `longitude` varchar(255) DEFAULT NULL,
  `account_visibility` enum('public','private') DEFAULT NULL,
  `access_token` text,
  `login_at` datetime DEFAULT NULL,
  `recover_password_key` text,
  `recover_attempt_at` datetime DEFAULT NULL,
  `created_at` datetime DEFAULT NULL,
  `updated_at` datetime DEFAULT NULL,
  `deleted_at` datetime DEFAULT NULL,
  PRIMARY KEY (`id`)
) ENGINE=InnoDB AUTO_INCREMENT=86 DEFAULT CHARSET=latin1;

/*Data for the table `users` */

insert  into `users`(`id`,`first_name`,`last_name`,`email`,`username`,`password`,`subscription`,`age`,`zip_code`,`dob`,`image_path`,`profile_pic`,`visibility`,`gender`,`user_type`,`business_name`,`business_established_at`,`signup_via`,`sponser`,`package`,`radius`,`lattitude`,`dream_collage`,`longitude`,`account_visibility`,`access_token`,`login_at`,`recover_password_key`,`recover_attempt_at`,`created_at`,`updated_at`,`deleted_at`) values 
(3,'mehwish 1','khan','test1@test.com','mk2','$2y$10$rxV7P.3Np5AwotVK1WZo5ef9.nxaBSEkzRLI2VH6Tbouf0EBsAyYe','Economy',NULL,NULL,NULL,NULL,'86gAxAL4GgpsfsHOq0hKONHUAOxmVVpBQHDYnJcb.jpeg',1,NULL,'Individual',NULL,NULL,'email',NULL,NULL,'5',NULL,NULL,NULL,NULL,'eyJ0eXAiOiJKV1QiLCJhbGciOiJIUzI1NiJ9.eyJzdWIiOjMsImlzcyI6Imh0dHA6Ly9kZW1vLWFwcG9jdGEuY29tL2FwcHVuaXR3b3JrL3JlY2VpcHQvcHVibGljL2FwaS9sb2dpbiIsImlhdCI6MTUyMDQyMTI3MywiZXhwIjoxNTIzMDQ5MjczLCJuYmYiOjE1MjA0MjEyNzMsImp0aSI6IktxTzFFRTBuNUtmRU42WGYifQ.jyMNTAez0Rzvan2CRXQ2LDGZ99wZHLMSCCFvAfLnvjk','2018-03-07 11:14:33',NULL,NULL,'2018-02-27 11:50:54','2018-03-13 08:14:52',NULL),
(4,NULL,NULL,'f@test.com','mk2','$2y$10$zQXjh63O9Me7M5bW68BYHuxjwqeYNMpWXPDAIQc2TrkyU0f2u949i','Free',NULL,NULL,NULL,NULL,'fN4yc786kbbpi8p10u2T6f3YKNkgqpF9wyzcNKGx.jpeg',1,NULL,'Individual',NULL,NULL,'email',NULL,NULL,'5',NULL,NULL,NULL,NULL,'eyJ0eXAiOiJKV1QiLCJhbGciOiJIUzI1NiJ9.eyJzdWIiOjQsImlzcyI6Imh0dHA6Ly9kZW1vLWFwcG9jdGEuY29tL2FwcHVuaXR3b3JrL3JlY2VpcHQvcHVibGljL2FwaS9sb2dpbiIsImlhdCI6MTUyMDQzMjEwNiwiZXhwIjoxNTIzMDYwMTA2LCJuYmYiOjE1MjA0MzIxMDYsImp0aSI6IndJR2NaSUZVWkdrd3JrTGwifQ.Lp3msN-G_j1h7TFwNKQG-q5OLmZIhkJXmU1Izvh49zo','2018-03-07 14:15:06','VF4lQurLKELmQqmHe0KSBZz1wBN075fPrUwlK8pgT6LqS5bOcAKxPdbjVIHb','2018-03-02 10:50:13','2018-03-01 07:35:08','2018-03-07 14:15:06',NULL),
(5,NULL,NULL,'testa1@test.com','mk2','$2y$10$Tz1zPHcWttiZ1CMXUo1.CevZzTS7np/nuS.l/SDnM3sC889ek19AG','Free',NULL,NULL,NULL,NULL,NULL,1,NULL,'Individual',NULL,NULL,'email',NULL,NULL,'5',NULL,NULL,NULL,NULL,'eyJ0eXAiOiJKV1QiLCJhbGciOiJIUzI1NiJ9.eyJzdWIiOjUsImlzcyI6Imh0dHA6Ly9kZW1vLWFwcG9jdGEuY29tL2FwcHVuaXR3b3JrL3JlY2VpcHQvcHVibGljL2FwaS9yZWdpc3RlciIsImlhdCI6MTUxOTk4ODUyNiwiZXhwIjoxNTIyNjE2NTI2LCJuYmYiOjE1MTk5ODg1MjYsImp0aSI6IktjV043TGVBZDNTenBaZXIifQ.BUQ2J06dhMKvWpC7UYzCiETDg_Xa-zUibjDqZ0rTWmQ','2018-03-02 11:02:06',NULL,NULL,'2018-03-02 11:02:06','2018-03-02 11:02:06',NULL),
(6,NULL,NULL,'testaa1@test.com','mk2','$2y$10$hDykr2JmtFmvTLoYn7oSmONrYf5u8Sws4/EBXy8dqu1Q/c7IYkzd2','Free',NULL,NULL,NULL,NULL,NULL,1,NULL,'Individual',NULL,NULL,'email',NULL,NULL,'5',NULL,NULL,NULL,NULL,'eyJ0eXAiOiJKV1QiLCJhbGciOiJIUzI1NiJ9.eyJzdWIiOjYsImlzcyI6Imh0dHA6Ly9kZW1vLWFwcG9jdGEuY29tL2FwcHVuaXR3b3JrL3JlY2VpcHQvcHVibGljL2FwaS9yZWdpc3RlciIsImlhdCI6MTUxOTk4ODUzOSwiZXhwIjoxNTIyNjE2NTM5LCJuYmYiOjE1MTk5ODg1MzksImp0aSI6IlA1UHQ2YWxNc1dnZHdYSkoifQ.BuGwegP82ULknhoY2OliuQmcjdoEuXO1WXUynxy3-SI','2018-03-02 11:02:19',NULL,NULL,'2018-03-02 11:02:19','2018-03-02 11:02:19',NULL),
(7,NULL,NULL,'testaaa1@test.com','mk2','$2y$10$adQjOWOd0IC3GZXoUXrENuOTng5bH3u1v1AutMnRideuwrjeGSTvG','Free',NULL,NULL,NULL,NULL,NULL,1,NULL,'Individual',NULL,NULL,'email',NULL,NULL,'5',NULL,NULL,NULL,NULL,'eyJ0eXAiOiJKV1QiLCJhbGciOiJIUzI1NiJ9.eyJzdWIiOjcsImlzcyI6Imh0dHA6Ly9kZW1vLWFwcG9jdGEuY29tL2FwcHVuaXR3b3JrL3JlY2VpcHQvcHVibGljL2FwaS9yZWdpc3RlciIsImlhdCI6MTUxOTk4ODU1MCwiZXhwIjoxNTIyNjE2NTUwLCJuYmYiOjE1MTk5ODg1NTAsImp0aSI6IktVb1ZlcWF6ZW5KcXRpR1YifQ.2yj5mhYD3Ypd3-bo6wxKxbsqMXW_TJ5SCdTAEIwoWoo','2018-03-02 11:02:30',NULL,NULL,'2018-03-02 11:02:30','2018-03-02 11:02:30',NULL),
(8,NULL,NULL,'james.smith@gmail.com','James Smith','$2y$10$7Cv2ia8eUrTyEUI4ojBiDuVvQ0LoqkgZvGhJlVmgE5d1N55v39JbO','Free',NULL,NULL,NULL,NULL,NULL,1,NULL,'Individual',NULL,NULL,'email',NULL,NULL,'5',NULL,NULL,NULL,NULL,'eyJ0eXAiOiJKV1QiLCJhbGciOiJIUzI1NiJ9.eyJzdWIiOjgsImlzcyI6Imh0dHA6Ly9kZW1vLWFwcG9jdGEuY29tL2FwcHVuaXR3b3JrL3JlY2VpcHQvcHVibGljL2FwaS9yZWdpc3RlciIsImlhdCI6MTUxOTk4OTc2NiwiZXhwIjoxNTIyNjE3NzY2LCJuYmYiOjE1MTk5ODk3NjYsImp0aSI6IkQ2Nndib1dWOWo2MXB5a28ifQ.4yhWi_pYa-UebfIVzpBbe1nIwFOG8QmuK_3n__jbZGM','2018-03-02 11:22:46',NULL,NULL,'2018-03-02 11:22:46','2018-03-02 11:22:46',NULL),
(9,NULL,NULL,'ja@gmail.com','James Smith','$2y$10$LDpEbUW0vhbUaryXrESrvORgPjN9rpqUxcUsecg6BAJnH8HtD6hS6','Free',NULL,NULL,NULL,NULL,NULL,1,NULL,'Individual',NULL,NULL,'email',NULL,NULL,'5',NULL,NULL,NULL,NULL,'eyJ0eXAiOiJKV1QiLCJhbGciOiJIUzI1NiJ9.eyJzdWIiOjksImlzcyI6Imh0dHA6Ly9kZW1vLWFwcG9jdGEuY29tL2FwcHVuaXR3b3JrL3JlY2VpcHQvcHVibGljL2FwaS9yZWdpc3RlciIsImlhdCI6MTUxOTk4OTgxNiwiZXhwIjoxNTIyNjE3ODE2LCJuYmYiOjE1MTk5ODk4MTYsImp0aSI6InU1MDhkUUtlV1BoQ3BiZGYifQ.N60fAn7dS85dcoUhn4I1sx6a_3h967VqOq7FvtQ-KHQ','2018-03-02 11:23:36',NULL,NULL,'2018-03-02 11:23:36','2018-03-02 11:23:36',NULL),
(10,NULL,NULL,'test1@dtest.com','mk2','$2y$10$AVPrh803aH4.Qc9zCziSy.ocAvCgr4XlqnThpdntZX5suFvccRqOC','Free',NULL,NULL,NULL,NULL,NULL,1,NULL,'Individual',NULL,NULL,'email',NULL,NULL,'5',NULL,NULL,NULL,NULL,'eyJ0eXAiOiJKV1QiLCJhbGciOiJIUzI1NiJ9.eyJzdWIiOjEwLCJpc3MiOiJodHRwOi8vZGVtby1hcHBvY3RhLmNvbS9hcHB1bml0d29yay9yZWNlaXB0L3B1YmxpYy9hcGkvcmVnaXN0ZXIiLCJpYXQiOjE1MTk5OTIyMDUsImV4cCI6MTUyMjYyMDIwNSwibmJmIjoxNTE5OTkyMjA1LCJqdGkiOiJCQ0Z1dTlEWmJTY1ZYSTU1In0.8W_16B8Y4oJ6w2NdftNi-whH-V-ZKKyLFnfDE1JCS3Q','2018-03-02 12:03:25',NULL,NULL,'2018-03-02 12:03:25','2018-03-02 12:03:25',NULL),
(11,NULL,NULL,'james.smith@gmail.comdh','James Smith','$2y$10$JXTgD2HM4zi2BqOLN/poKeVtDiSvvR3MUQv4.1y/3TgSs.liW/CQC','Free',NULL,NULL,NULL,NULL,NULL,1,NULL,'Individual',NULL,NULL,'email',NULL,NULL,'5',NULL,NULL,NULL,NULL,'eyJ0eXAiOiJKV1QiLCJhbGciOiJIUzI1NiJ9.eyJzdWIiOjExLCJpc3MiOiJodHRwOi8vZGVtby1hcHBvY3RhLmNvbS9hcHB1bml0d29yay9yZWNlaXB0L3B1YmxpYy9hcGkvcmVnaXN0ZXIiLCJpYXQiOjE1MTk5OTY3NDEsImV4cCI6MTUyMjYyNDc0MSwibmJmIjoxNTE5OTk2NzQxLCJqdGkiOiJSOXd1cjhRUjlZWlprT2tSIn0.g1_O1jjgShfUkRlmPBmY8_UYP7oIcD8R8JvCthV2IW4','2018-03-02 13:19:01',NULL,NULL,'2018-03-02 13:19:01','2018-03-02 13:19:01',NULL),
(12,NULL,NULL,'james.smith@gjrmail.com','James Smith','$2y$10$/p/jrgB3B3psG0gAIhbgluZLB8l.XKv0gj/cyAMXhSA/W/Mgv1eSi','Free',NULL,NULL,NULL,NULL,NULL,1,NULL,'Individual',NULL,NULL,'email',NULL,NULL,'5',NULL,NULL,NULL,NULL,'eyJ0eXAiOiJKV1QiLCJhbGciOiJIUzI1NiJ9.eyJzdWIiOjEyLCJpc3MiOiJodHRwOi8vZGVtby1hcHBvY3RhLmNvbS9hcHB1bml0d29yay9yZWNlaXB0L3B1YmxpYy9hcGkvcmVnaXN0ZXIiLCJpYXQiOjE1MTk5OTY4MTYsImV4cCI6MTUyMjYyNDgxNiwibmJmIjoxNTE5OTk2ODE2LCJqdGkiOiJxdlEwREltc2l1M01IZmQyIn0.ZfB0BW8YDL3uW-RMTmwgsAYBDPk26R6B1FbaUozZ3rA','2018-03-02 13:20:16',NULL,NULL,'2018-03-02 13:20:16','2018-03-02 13:20:16',NULL),
(13,NULL,NULL,'james.smidjjdth@gmail.com','James Smith','$2y$10$q12sctqLgNJmo7qM2h4OauTCuHGTre47bhaE4xPyDzWGymh1avApm','Free',NULL,NULL,NULL,NULL,NULL,1,NULL,'Individual',NULL,NULL,'email',NULL,NULL,'5',NULL,NULL,NULL,NULL,'eyJ0eXAiOiJKV1QiLCJhbGciOiJIUzI1NiJ9.eyJzdWIiOjEzLCJpc3MiOiJodHRwOi8vZGVtby1hcHBvY3RhLmNvbS9hcHB1bml0d29yay9yZWNlaXB0L3B1YmxpYy9hcGkvcmVnaXN0ZXIiLCJpYXQiOjE1MTk5OTY4ODcsImV4cCI6MTUyMjYyNDg4NywibmJmIjoxNTE5OTk2ODg3LCJqdGkiOiJKRGoyZWd6ZUhUYU1LV2R1In0.IUVKbIxtx-nvtJL8D9xSTxQl7JtyTcRTJOVcsl2R1n8','2018-03-02 13:21:27',NULL,NULL,'2018-03-02 13:21:27','2018-03-02 13:21:27',NULL),
(14,NULL,NULL,'t@t.com','mk2','$2y$10$vPpAXN7U9jSXhUfYFx93Luzs26P0f8ZXcxvVW38gBB7CBWBEfSXgi','Free',NULL,NULL,NULL,NULL,NULL,1,NULL,'Individual',NULL,NULL,'email',NULL,NULL,'5',NULL,NULL,NULL,NULL,'eyJ0eXAiOiJKV1QiLCJhbGciOiJIUzI1NiJ9.eyJzdWIiOjE0LCJpc3MiOiJodHRwOi8vZGVtby1hcHBvY3RhLmNvbS9hcHB1bml0d29yay9yZWNlaXB0L3B1YmxpYy9hcGkvbG9naW4iLCJpYXQiOjE1MjA0MzMyOTMsImV4cCI6MTUyMzA2MTI5MywibmJmIjoxNTIwNDMzMjkzLCJqdGkiOiJ0MHh0NkhJMldmVnBacWVWIn0.JV210RpbhD450j9PqU0oukWlTWjERn8RYGQO78iUIVk','2018-03-07 14:34:53',NULL,NULL,'2018-03-02 14:03:45','2018-03-07 14:34:53',NULL),
(15,'test','test','test121@test.com',NULL,'$2y$10$vq1iKzVNEHPCsBxa6nGoZOSb2EXDTCzBf9pxlJPM3I1cmp1qysiuK','Free',NULL,NULL,NULL,NULL,NULL,1,NULL,'Individual',NULL,NULL,'email',NULL,NULL,'5',NULL,NULL,NULL,NULL,'eyJ0eXAiOiJKV1QiLCJhbGciOiJIUzI1NiJ9.eyJzdWIiOjE1LCJpc3MiOiJodHRwOi8vZGVtby1hcHBvY3RhLmNvbS9hcHB1bml0d29yay9yZWNlaXB0L3B1YmxpYy9hcGkvcmVnaXN0ZXIiLCJpYXQiOjE1MjA0MTc0OTMsImV4cCI6MTUyMzA0NTQ5MywibmJmIjoxNTIwNDE3NDkzLCJqdGkiOiI4UURuRnBZeGtXT3BmdmliIn0.plIl520a6eX-Gfr8IBouykaaRkz8TsCPMsV_4cfPTm8','2018-03-07 10:11:33',NULL,NULL,'2018-03-07 10:11:32','2018-03-07 10:11:33',NULL),
(16,'TEST FNAME','TEST LNAME','test1@taest.com',NULL,'$2y$10$J9LggegtP2e0m7cdReBE2.0Qo9AWtfD5CXwF.6aviAnT0rjfoWOEi','Free',NULL,NULL,NULL,NULL,NULL,1,NULL,'Individual',NULL,NULL,'email',NULL,NULL,'5',NULL,NULL,NULL,NULL,'eyJ0eXAiOiJKV1QiLCJhbGciOiJIUzI1NiJ9.eyJzdWIiOjE2LCJpc3MiOiJodHRwOi8vZGVtby1hcHBvY3RhLmNvbS9hcHB1bml0d29yay9yZWNlaXB0L3B1YmxpYy9hcGkvcmVnaXN0ZXIiLCJpYXQiOjE1MjA0MjA2MDMsImV4cCI6MTUyMzA0ODYwMywibmJmIjoxNTIwNDIwNjAzLCJqdGkiOiI4QUp2Y0s4QjZEYUg1YUxMIn0.7u-f_CVe453Xj99IKcClV_JVU4JgtjmTNYgYYkSzJeE','2018-03-07 11:03:23',NULL,NULL,'2018-03-07 11:03:23','2018-03-07 11:03:23',NULL),
(17,'An','Developer','android@dev.com',NULL,'$2y$10$WcK6AMfUf4TGhR7.qcLWQuDgdiQjqNSdLLKkkHCMk/tBOCAiBVj6q','Free',NULL,NULL,NULL,NULL,'qRwzGtyDngP9capSnvS7nMUOcvFIcs0sIqWc5gmZ.jpeg',1,NULL,'Individual',NULL,NULL,'email',NULL,NULL,'5',NULL,NULL,NULL,NULL,'eyJ0eXAiOiJKV1QiLCJhbGciOiJIUzI1NiJ9.eyJzdWIiOjE3LCJpc3MiOiJodHRwOi8vZGVtby1hcHBvY3RhLmNvbS9hcHB1bml0d29yay9yZWNlaXB0L3B1YmxpYy9hcGkvbG9naW4iLCJpYXQiOjE1MjE2Mzc2OTIsImV4cCI6MTUyNDI2NTY5MiwibmJmIjoxNTIxNjM3NjkyLCJqdGkiOiJCWlNlVEUzVU8zOVF3aWtCIn0.CjNQGf2XpMO0Nn7smfl_VG1H-W7fQl6ivJSWcHnxvsM','2018-03-21 13:08:12','hTgdy7OR1CS3rVR09k0asuZav2a9JKnNUBWGjnSwUepUQfREdIf9Iyx74Vjn','2018-03-08 11:46:35','2018-03-07 11:21:55','2018-03-22 05:56:53',NULL),
(18,'James','Smith','js@gmail.com',NULL,'$2y$10$nvETvsI7U6lctRrIhuEe8.UYszT7Zc0T07R//q9AP4mit.Qx27LhW','Free',NULL,NULL,NULL,NULL,NULL,1,NULL,'Individual',NULL,NULL,'email',NULL,NULL,'5',NULL,NULL,NULL,NULL,'eyJ0eXAiOiJKV1QiLCJhbGciOiJIUzI1NiJ9.eyJzdWIiOjE4LCJpc3MiOiJodHRwOi8vZGVtby1hcHBvY3RhLmNvbS9hcHB1bml0d29yay9yZWNlaXB0L3B1YmxpYy9hcGkvbG9naW4iLCJpYXQiOjE1MjA0Mzc2NzUsImV4cCI6MTUyMzA2NTY3NSwibmJmIjoxNTIwNDM3Njc1LCJqdGkiOiJMV0JZdEl1M1pXQ01lNDFrIn0.D9laCX_wSxHbCuA59WpXZbs9NERUircaiCyHvDgrWEs','2018-03-07 15:47:55',NULL,NULL,'2018-03-07 14:59:34','2018-03-07 15:47:55',NULL),
(19,'john','alex','owaisurrehman@digitonics.com',NULL,'$2y$10$w5BipNKWilxUarZAC.cH3.zddX3AuY2lvhMM78XqPb0KI12Jb35iO','Free',NULL,NULL,NULL,NULL,NULL,1,NULL,'Individual',NULL,NULL,'email',NULL,NULL,'5',NULL,NULL,NULL,NULL,'eyJ0eXAiOiJKV1QiLCJhbGciOiJIUzI1NiJ9.eyJzdWIiOjE5LCJpc3MiOiJodHRwOi8vZGVtby1hcHBvY3RhLmNvbS9hcHB1bml0d29yay9yZWNlaXB0L3B1YmxpYy9hcGkvbG9naW4iLCJpYXQiOjE1MjA1OTExMDYsImV4cCI6MTUyMzIxOTEwNiwibmJmIjoxNTIwNTkxMTA2LCJqdGkiOiJiUVRrQXhEWXhPdEhnbUxOIn0.n6nghTVd6uaNimAmigV4BqNBEknHNS6hYguZ6WQTEJ8','2018-03-09 10:25:06','ND6q9iRbE8NnVRYOY4Wm8ojBfW6pBHIga9dzR4kqOi3EM9qxQtcdEMdaHCOK','2018-03-21 14:08:55','2018-03-08 08:44:57','2018-03-21 14:08:55',NULL),
(20,'omax','david','m.owaisurrahman@gmail.com',NULL,'$2y$10$FWv5db5DbvkYU28dJwX36eafu6GE87wQjPiPtFPZ1PE4xK5zknuI.','Free',NULL,NULL,NULL,NULL,NULL,1,NULL,'Individual',NULL,NULL,'email',NULL,NULL,'5',NULL,NULL,NULL,NULL,'eyJ0eXAiOiJKV1QiLCJhbGciOiJIUzI1NiJ9.eyJzdWIiOjIwLCJpc3MiOiJodHRwOi8vZGVtby1hcHBvY3RhLmNvbS9hcHB1bml0d29yay9yZWNlaXB0L3B1YmxpYy9hcGkvbG9naW4iLCJpYXQiOjE1MjA1OTE2NjUsImV4cCI6MTUyMzIxOTY2NSwibmJmIjoxNTIwNTkxNjY1LCJqdGkiOiJoMHdJdDVCbkNuekQ0QjQ3In0.YRw7VNw63GtCZC0Z8TFNOTbTuJFoSS1vmgRM77uOAMA','2018-03-09 10:34:25','gfgB2IRV0zI5Ojx7cOcvggMSMY1MLiv60H2X0FA4JuHx3cyjIYL1q5p46xAh','2018-03-08 11:05:54','2018-03-08 11:04:52','2018-03-09 10:34:25',NULL),
(21,'asd','qwe','a@a.com',NULL,'$2y$10$9xU9ZapQl6G45vP73IGU/OzcN997ZdptTxKfUnx8rkg8uhfjLcqoS','Free',NULL,NULL,NULL,NULL,NULL,1,NULL,'Individual',NULL,NULL,'email',NULL,NULL,'5',NULL,NULL,NULL,NULL,'eyJ0eXAiOiJKV1QiLCJhbGciOiJIUzI1NiJ9.eyJzdWIiOjIxLCJpc3MiOiJodHRwOi8vZGVtby1hcHBvY3RhLmNvbS9hcHB1bml0d29yay9yZWNlaXB0L3B1YmxpYy9hcGkvcmVnaXN0ZXIiLCJpYXQiOjE1MjA1MjU5MzIsImV4cCI6MTUyMzE1MzkzMiwibmJmIjoxNTIwNTI1OTMyLCJqdGkiOiJCVXo0Nmtwa2lYNUQyOGN5In0.8vx9QhllXnnpF_xXUbIrsDz4gAciUsS_eihsx9sgt1M','2018-03-08 16:18:52',NULL,NULL,'2018-03-08 16:18:52','2018-03-08 16:18:52',NULL),
(22,'jack','thomson','testingd53@gmail.com',NULL,'$2y$10$CQdXkG8izhFP6cxnQJ/B0u5BxU.5ueMjNDhFVHAnSM.oMoe3DHq1K','Free',NULL,NULL,NULL,NULL,NULL,1,NULL,'Individual',NULL,NULL,'email',NULL,NULL,'5',NULL,NULL,NULL,NULL,'eyJ0eXAiOiJKV1QiLCJhbGciOiJIUzI1NiJ9.eyJzdWIiOjIyLCJpc3MiOiJodHRwOi8vZGVtby1hcHBvY3RhLmNvbS9hcHB1bml0d29yay9yZWNlaXB0L3B1YmxpYy9hcGkvbG9naW4iLCJpYXQiOjE1MjA1MjY2MzcsImV4cCI6MTUyMzE1NDYzNywibmJmIjoxNTIwNTI2NjM3LCJqdGkiOiIwQkg1bDhjaGtEYTVsWnpnIn0.5u4xHTmTwWmy2JxU662YZOiJpb2qNzQLyWbDoYKPtts','2018-03-08 16:30:37',NULL,NULL,'2018-03-08 16:22:00','2018-03-08 16:30:37',NULL),
(23,'mehwish','khan','elyxhee1@gmail.com',NULL,'$2y$10$9Ux1xSpyL5P/ZAKCODKHu.OJPMvO6TgQ87DSh5qcc2WOB7WHt1DoG','Free',NULL,NULL,NULL,NULL,NULL,1,NULL,'Individual',NULL,NULL,'email',NULL,NULL,'5',NULL,NULL,NULL,NULL,'eyJ0eXAiOiJKV1QiLCJhbGciOiJIUzI1NiJ9.eyJzdWIiOjIzLCJpc3MiOiJodHRwOi8vZGVtby1hcHBvY3RhLmNvbS9hcHB1bml0d29yay9yZWNlaXB0L3B1YmxpYy9hcGkvbG9naW4iLCJpYXQiOjE1MjA1NzM0NzYsImV4cCI6MTUyMzIwMTQ3NiwibmJmIjoxNTIwNTczNDc2LCJqdGkiOiIwb2dJODRCeVVTM3JSNDc3In0.kAdT6ob2DlHGmU1iUk085B4I2569QVxvdWPZgfjYmkI','2018-03-09 05:31:16',NULL,NULL,'2018-03-09 05:30:51','2018-03-09 05:31:16',NULL),
(24,'Fred','Thomson','m.owaisurrahman+1@gmail.com',NULL,'$2y$10$h02ZqVV62PADEoH70Tuh9.zi.s0T0wX0KpE3tsYQSLXKH4eOjWuke','Free',NULL,NULL,NULL,NULL,NULL,1,NULL,'Individual',NULL,NULL,'email',NULL,NULL,'5',NULL,NULL,NULL,NULL,'eyJ0eXAiOiJKV1QiLCJhbGciOiJIUzI1NiJ9.eyJzdWIiOjI0LCJpc3MiOiJodHRwOi8vZGVtby1hcHBvY3RhLmNvbS9hcHB1bml0d29yay9yZWNlaXB0L3B1YmxpYy9hcGkvbG9naW4iLCJpYXQiOjE1MjA1OTExNzAsImV4cCI6MTUyMzIxOTE3MCwibmJmIjoxNTIwNTkxMTcwLCJqdGkiOiJuT3B0Q3UzS1pCMXBIc1NUIn0.aACstHUudqneJ2EJJGjLe7buhgSoKkV_iJWEVIKrTJQ','2018-03-09 10:26:10',NULL,NULL,'2018-03-09 09:41:12','2018-03-09 10:26:10',NULL),
(25,'king','ahmed','testingcc49@gmail.com',NULL,'$2y$10$XgqJpuOT/EfOv5cMa6C3EeVPSENi6I.f5CjyTG0BnZMYkXH66QMda','Free',NULL,NULL,NULL,NULL,NULL,1,NULL,'Individual',NULL,NULL,'email',NULL,NULL,'5',NULL,NULL,NULL,NULL,'eyJ0eXAiOiJKV1QiLCJhbGciOiJIUzI1NiJ9.eyJzdWIiOjI1LCJpc3MiOiJodHRwOi8vZGVtby1hcHBvY3RhLmNvbS9hcHB1bml0d29yay9yZWNlaXB0L3B1YmxpYy9hcGkvbG9naW4iLCJpYXQiOjE1MjA1OTI4NzUsImV4cCI6MTUyMzIyMDg3NSwibmJmIjoxNTIwNTkyODc1LCJqdGkiOiJkVTdXRWNsN0pndEE1eG8yIn0.zLOzI9GCVriELEquqpCeeNlwxNEQ9Bj5EKtuKGDoPMc','2018-03-09 10:54:35',NULL,NULL,'2018-03-09 10:45:13','2018-03-09 10:54:35',NULL),
(26,'jarlis one','alex users','one@users.com',NULL,'$2y$10$7cUqgy61wWesm0QOyVUva.Yx.HBKmBQgzCOaLj92lCE8XBQ/WQMe6','Free',NULL,NULL,NULL,NULL,NULL,1,NULL,'Individual',NULL,NULL,'email',NULL,NULL,'5',NULL,NULL,NULL,NULL,'eyJ0eXAiOiJKV1QiLCJhbGciOiJIUzI1NiJ9.eyJzdWIiOjI2LCJpc3MiOiJodHRwOi8vZGVtby1hcHBvY3RhLmNvbS9hcHB1bml0d29yay9yZWNlaXB0L3B1YmxpYy9hcGkvbG9naW4iLCJpYXQiOjE1MjE2NDk2NjYsImV4cCI6MTUyNDI3NzY2NiwibmJmIjoxNTIxNjQ5NjY2LCJqdGkiOiI1eVFFb04zYUtSaHJNUGlvIn0.xzg-Lx7bZzSnCUKIWtupnUAa8JOBFg0jKJ4HPNeHCbs','2018-03-21 16:27:46','uEaY3gqluPuTRVsbqdtg6mDZTMTU1w9kkuVj67zSez4pkwQjstgKp4KYZwVW','2018-03-16 17:55:51','2018-03-16 15:48:52','2018-03-21 16:27:46',NULL),
(27,'jtz','kfz','kgzxkgz@jFjF.com',NULL,'$2y$10$L01zW/bn3KjiCuaa6ASD3O/53hx5kYQah5l6Lleq1IOzUvlb1/FPy','Free',NULL,NULL,NULL,NULL,NULL,1,NULL,'Individual',NULL,NULL,'email',NULL,NULL,'5',NULL,NULL,NULL,NULL,'eyJ0eXAiOiJKV1QiLCJhbGciOiJIUzI1NiJ9.eyJzdWIiOjI3LCJpc3MiOiJodHRwOi8vZGVtby1hcHBvY3RhLmNvbS9hcHB1bml0d29yay9yZWNlaXB0L3B1YmxpYy9hcGkvcmVnaXN0ZXIiLCJpYXQiOjE1MjEyMjI5MzAsImV4cCI6MTUyMzg1MDkzMCwibmJmIjoxNTIxMjIyOTMwLCJqdGkiOiJDYXA2ZXQyS2s4bHJFanRRIn0.v-59UTILNs1gKqS9HL5DcexY3Q6VYSFEmV9w-G_QEpc','2018-03-16 17:55:30',NULL,NULL,'2018-03-16 17:55:30','2018-03-16 17:55:30',NULL),
(28,'Nine','User','nine@users.com',NULL,'$2y$10$fBQeDwDVIoCSkZXUonCkT.wKkybUZnyn2mLd6ovvAlfpXcsULRP/a','Free',NULL,NULL,NULL,NULL,NULL,1,NULL,'Individual',NULL,NULL,'email',NULL,NULL,'5',NULL,NULL,NULL,NULL,'eyJ0eXAiOiJKV1QiLCJhbGciOiJIUzI1NiJ9.eyJzdWIiOjI4LCJpc3MiOiJodHRwOi8vZGVtby1hcHBvY3RhLmNvbS9hcHB1bml0d29yay9yZWNlaXB0L3B1YmxpYy9hcGkvbG9naW4iLCJpYXQiOjE1MjEyMzA0ODgsImV4cCI6MTUyMzg1ODQ4OCwibmJmIjoxNTIxMjMwNDg4LCJqdGkiOiJ3bFhFTE9DUnJCZURoZWNLIn0.d5MUQ96YDKwdLSSy2PfyAt9XH-ahlNZJZ5yorHqJ368','2018-03-16 20:01:28',NULL,NULL,'2018-03-16 19:14:09','2018-03-16 20:01:28',NULL),
(29,'djjdj','dnjfjf','jdjdkdk@djjs.dn',NULL,'$2y$10$lrwJVIZxUQKa.6eYFZD0cec1Zc.91WrthkChxVhukHEd55UZ3LZPW','Free',NULL,NULL,NULL,NULL,NULL,1,NULL,'Individual',NULL,NULL,'email',NULL,NULL,'5',NULL,NULL,NULL,NULL,'eyJ0eXAiOiJKV1QiLCJhbGciOiJIUzI1NiJ9.eyJzdWIiOjI5LCJpc3MiOiJodHRwOi8vZGVtby1hcHBvY3RhLmNvbS9hcHB1bml0d29yay9yZWNlaXB0L3B1YmxpYy9hcGkvcmVnaXN0ZXIiLCJpYXQiOjE1MjEyMjc5MzksImV4cCI6MTUyMzg1NTkzOSwibmJmIjoxNTIxMjI3OTM5LCJqdGkiOiJRM2pEQlUyeFFTQWJCeUhBIn0.SK-ND_NYtthVe0AcRiXiObklEOHGpf1h0zWI0CHHpNM','2018-03-16 19:18:59',NULL,NULL,'2018-03-16 19:18:58','2018-03-16 19:18:59',NULL),
(30,'john','alex','appoctadev@gmail.com',NULL,'$2y$10$jI.s4YKIW7mt.jrguUjvL.1nul7v/oUJdc.8zh1WfK7eFzOQk.O4y','Free',NULL,NULL,NULL,NULL,NULL,1,NULL,'Individual',NULL,NULL,'email',NULL,NULL,'5',NULL,NULL,NULL,NULL,'eyJ0eXAiOiJKV1QiLCJhbGciOiJIUzI1NiJ9.eyJzdWIiOjMwLCJpc3MiOiJodHRwOi8vZGVtby1hcHBvY3RhLmNvbS9hcHB1bml0d29yay9yZWNlaXB0L3B1YmxpYy9hcGkvbG9naW4iLCJpYXQiOjE1MjEyMjk4MzUsImV4cCI6MTUyMzg1NzgzNSwibmJmIjoxNTIxMjI5ODM1LCJqdGkiOiJiOEdjMHhKdndoMTdZalVOIn0.dVPem2YO7NPCvQf3gUgvSIkoZuIfuGLfXlzpi5NATSw','2018-03-16 19:50:35','5c93M16UgzGjyz0104vOAFycm2QuLJ7reiy5jqK4x9CttXvnnbj4cctrtFFn','2018-03-16 19:51:34','2018-03-16 19:50:20','2018-03-16 19:51:34',NULL),
(31,'ten','users','ten@users.com',NULL,'$2y$10$7vxmRGnIX1PenWxnEUP9Oe3cSrsnZIhaxLKWYUDtV/qucOc/mPFGe','Free',NULL,NULL,NULL,NULL,NULL,1,NULL,'Individual',NULL,NULL,'email',NULL,NULL,'5',NULL,NULL,NULL,NULL,'eyJ0eXAiOiJKV1QiLCJhbGciOiJIUzI1NiJ9.eyJzdWIiOjMxLCJpc3MiOiJodHRwOi8vZGVtby1hcHBvY3RhLmNvbS9hcHB1bml0d29yay9yZWNlaXB0L3B1YmxpYy9hcGkvbG9naW4iLCJpYXQiOjE1MjEyNDMxMzUsImV4cCI6MTUyMzg3MTEzNSwibmJmIjoxNTIxMjQzMTM1LCJqdGkiOiJIbnN0eUxMTFRKYUlKcGh4In0.FyFTPgGXfQvyaUzr_qydH51rOsQ9SlfkoHOxBKhqp7I','2018-03-16 23:32:15',NULL,NULL,'2018-03-16 20:02:21','2018-03-16 23:32:15',NULL),
(32,'naram','londa','naram@londa.com',NULL,'$2y$10$x2X.K3qpVOjVQ3zQV3ACweZjvfdcVhqeI3QzNeNA1pQQ4xNaG2E/K','Free',NULL,NULL,NULL,NULL,NULL,1,NULL,'Individual',NULL,NULL,'email',NULL,NULL,'5',NULL,NULL,NULL,NULL,'eyJ0eXAiOiJKV1QiLCJhbGciOiJIUzI1NiJ9.eyJzdWIiOjMyLCJpc3MiOiJodHRwOi8vZGVtby1hcHBvY3RhLmNvbS9hcHB1bml0d29yay9yZWNlaXB0L3B1YmxpYy9hcGkvbG9naW4iLCJpYXQiOjE1MjE0NTQ2MzUsImV4cCI6MTUyNDA4MjYzNSwibmJmIjoxNTIxNDU0NjM1LCJqdGkiOiJRNGEwMUowTkNSWkxLTEQzIn0.CqIU6NDGVnvpkuyDcMJkrtVXiEZfbmlFBLCyjNGgrBM','2018-03-19 10:17:15',NULL,NULL,'2018-03-19 10:17:00','2018-03-19 10:17:15',NULL),
(33,'test','test','test121a@test.com',NULL,'$2y$10$J29yBa4FlLcvC.er/1n06uUT9z7YoQa6qjhiZ7xCchQ.Cuqzn8ovK','Free',NULL,NULL,NULL,NULL,NULL,1,NULL,'Individual',NULL,NULL,'email',NULL,NULL,'5',NULL,NULL,NULL,NULL,'eyJ0eXAiOiJKV1QiLCJhbGciOiJIUzI1NiJ9.eyJzdWIiOjMzLCJpc3MiOiJodHRwOi8vZGVtby1hcHBvY3RhLmNvbS9hcHB1bml0d29yay9yZWNlaXB0L3B1YmxpYy9hcGkvbG9naW4iLCJpYXQiOjE1MjE0NTQ4MjUsImV4cCI6MTUyNDA4MjgyNSwibmJmIjoxNTIxNDU0ODI1LCJqdGkiOiJWdlZPU0xYcUxBWUtuakdwIn0.aL-eqRqW4mPUzRrm-dzd_sHfon6ivu5YF1LGetkHNKk','2018-03-19 10:20:25','Cz1lRJx5o4CYnzBri9fpq5YO6o5Fb4E1V7xewYU7dlSp6GOtetENRGGxwgrZ','2018-03-19 10:26:34','2018-03-19 10:19:34','2018-03-19 10:26:34',NULL),
(34,'cjcj','gkvkkg','q@q.com',NULL,'$2y$10$Lh.hUfT3G4YeEqTDvjiTOezKgBe0RU4KtXBzPzEWmMa7AOpIGYlTm','Free',NULL,NULL,NULL,NULL,NULL,1,NULL,'Individual',NULL,NULL,'email',NULL,NULL,'5',NULL,NULL,NULL,NULL,'eyJ0eXAiOiJKV1QiLCJhbGciOiJIUzI1NiJ9.eyJzdWIiOjM0LCJpc3MiOiJodHRwOi8vZGVtby1hcHBvY3RhLmNvbS9hcHB1bml0d29yay9yZWNlaXB0L3B1YmxpYy9hcGkvbG9naW4iLCJpYXQiOjE1MjE0NTU0NjYsImV4cCI6MTUyNDA4MzQ2NiwibmJmIjoxNTIxNDU1NDY2LCJqdGkiOiJjWm16UFEwcHBabWhxVDE5In0.5pKKrPq3t6XhYklugneWmXTvas2Jm3DegAlWlWx6HTA','2018-03-19 10:31:06',NULL,NULL,'2018-03-19 10:24:25','2018-03-19 10:31:06',NULL),
(35,'jvhiig','ggijh','w@w.com',NULL,'$2y$10$/4dRdEVgMiE5AN65Tc6Fh.PqJeBXF1/wtnd/6ACFW33qFN5gMGm72','Free',NULL,NULL,NULL,NULL,NULL,1,NULL,'Individual',NULL,NULL,'email',NULL,NULL,'5',NULL,NULL,NULL,NULL,'eyJ0eXAiOiJKV1QiLCJhbGciOiJIUzI1NiJ9.eyJzdWIiOjM1LCJpc3MiOiJodHRwOi8vZGVtby1hcHBvY3RhLmNvbS9hcHB1bml0d29yay9yZWNlaXB0L3B1YmxpYy9hcGkvbG9naW4iLCJpYXQiOjE1MjE0NTU2NjYsImV4cCI6MTUyNDA4MzY2NiwibmJmIjoxNTIxNDU1NjY2LCJqdGkiOiJISjlMbFQxWldqeFdNc3pjIn0.lFDCNZ9kZOEeW5yQyQWh-x4kGySXppAOYytQaQcltVY','2018-03-19 10:34:26',NULL,NULL,'2018-03-19 10:34:03','2018-03-19 10:34:26',NULL),
(36,'Smith','Paul','smith@paul.com',NULL,'$2y$10$RdouecEuUX2qcDX0652SqOInaNlrVC3mjHE.GcNdoTf3BFDG0qdKO','Free',NULL,NULL,NULL,NULL,'XKsL1LX7uU0utKkKZn9XHl25Dj6cZ2JnLr1uC0UK.png',1,NULL,'Individual',NULL,NULL,'email',NULL,NULL,'5',NULL,NULL,NULL,NULL,'eyJ0eXAiOiJKV1QiLCJhbGciOiJIUzI1NiJ9.eyJzdWIiOjM2LCJpc3MiOiJodHRwOi8vZGVtby1hcHBvY3RhLmNvbS9hcHB1bml0d29yay9yZWNlaXB0L3B1YmxpYy9hcGkvbG9naW4iLCJpYXQiOjE1MjE1NzAzOTgsImV4cCI6MTUyNDE5ODM5OCwibmJmIjoxNTIxNTcwMzk4LCJqdGkiOiJVcktKa0dGZzJPb3hKWXJ3In0.FXjJaV3SpBUUUjKGKzLx2-fV2qxufKojvp9uyO_hFto','2018-03-20 18:26:38',NULL,NULL,'2018-03-19 17:43:46','2018-03-20 18:26:38',NULL),
(37,'owais 1','rehman 1','owais@rehman.com',NULL,'$2y$10$/YnvtQXBMhcC3Gv2.jqO4.llRAgGzzmv4wZoZkg9I7zjT3sKOiXSi','Free',NULL,NULL,NULL,NULL,NULL,1,NULL,'Individual',NULL,NULL,'email',NULL,NULL,'5',NULL,NULL,NULL,NULL,'eyJ0eXAiOiJKV1QiLCJhbGciOiJIUzI1NiJ9.eyJzdWIiOjM3LCJpc3MiOiJodHRwOi8vZGVtby1hcHBvY3RhLmNvbS9hcHB1bml0d29yay9yZWNlaXB0L3B1YmxpYy9hcGkvbG9naW4iLCJpYXQiOjE1MjE1NDY4MTUsImV4cCI6MTUyNDE3NDgxNSwibmJmIjoxNTIxNTQ2ODE1LCJqdGkiOiJWR093Sm1KSlVNTU9NOXpRIn0.-Ip-DYMHjiDovr00PbJ-H5dSCypoyFYa-3NBwSQdVm8','2018-03-20 11:53:35',NULL,NULL,'2018-03-20 08:56:49','2018-03-20 11:53:35',NULL),
(38,'saad','khan','saad@khan.com',NULL,'$2y$10$Y05SriJgitzxvfg6GWqrsu7yywvEUkjbZ/NgbME9Rkg2RqRjj1DEq','Free',NULL,NULL,NULL,NULL,NULL,1,NULL,'Individual',NULL,NULL,'email',NULL,NULL,'5',NULL,NULL,NULL,NULL,'eyJ0eXAiOiJKV1QiLCJhbGciOiJIUzI1NiJ9.eyJzdWIiOjM4LCJpc3MiOiJodHRwOi8vZGVtby1hcHBvY3RhLmNvbS9hcHB1bml0d29yay9yZWNlaXB0L3B1YmxpYy9hcGkvbG9naW4iLCJpYXQiOjE1MjE1Mzk0NzEsImV4cCI6MTUyNDE2NzQ3MSwibmJmIjoxNTIxNTM5NDcxLCJqdGkiOiJUQ3Q1Yno4Q29uM00xUnBYIn0.PNyxIBuyY_qPZIsTt9JBP2icBaBaaCTRK3a2JOcuW7E','2018-03-20 09:51:11',NULL,NULL,'2018-03-20 09:45:29','2018-03-20 09:51:11',NULL),
(39,'test','test','testing_mk@test.com','mk2','$2y$10$IABT7NHu7VBgxqSjGRUH4utfWzjmhBswB/ddJjZMdmmQw8kpcFL9W','Free',NULL,NULL,NULL,NULL,'\\\\localhost\\test\\',1,NULL,'Individual',NULL,NULL,'twitter',NULL,NULL,'5',NULL,NULL,NULL,NULL,'eyJ0eXAiOiJKV1QiLCJhbGciOiJIUzI1NiJ9.eyJzdWIiOjM5LCJpc3MiOiJodHRwOi8vZGVtby1hcHBvY3RhLmNvbS9hcHB1bml0d29yay9yZWNlaXB0L3B1YmxpYy9hcGkvcmVnaXN0ZXIiLCJpYXQiOjE1MjE1NTU1MDgsImV4cCI6MTUyNDE4MzUwOCwibmJmIjoxNTIxNTU1NTA4LCJqdGkiOiJBUTVUd01BemJudWdLYVU1In0.vSNrRIzW_-M2XAr1GzAWpjEOijA5peeUW8d9MEt4998','2018-03-20 14:18:28',NULL,NULL,'2018-03-20 14:09:59','2018-03-20 14:18:28',NULL),
(40,'test','test','testing_mk12@test.com','mk2','$2y$10$CvdJytfmtZ.upkLZQosDJ.AzaqXJCbH5CsFltNaSmeg.VejFeZ2V6','Free',NULL,NULL,NULL,NULL,'VS3MWBvTyCIZDfusmrpevrMvTiGTlBT9nbjLdXzK.jpeg',1,NULL,'Individual',NULL,NULL,'email',NULL,NULL,'5',NULL,NULL,NULL,NULL,'eyJ0eXAiOiJKV1QiLCJhbGciOiJIUzI1NiJ9.eyJzdWIiOjQwLCJpc3MiOiJodHRwOi8vZGVtby1hcHBvY3RhLmNvbS9hcHB1bml0d29yay9yZWNlaXB0L3B1YmxpYy9hcGkvcmVnaXN0ZXIiLCJpYXQiOjE1MjE1NTUxMDksImV4cCI6MTUyNDE4MzEwOSwibmJmIjoxNTIxNTU1MTA5LCJqdGkiOiJ2UDN0b3lLbEpTN011Y0JyIn0.vJZik7Wj_Z6yVY7TRUlMg-REpfAl4-tuCT9DRYpuPzI','2018-03-20 14:11:49',NULL,NULL,'2018-03-20 14:11:49','2018-03-20 14:11:49',NULL),
(41,'test','test','testing_mk121@test.com','mk2','$2y$10$7nBByy9YJQ0GGRyuUjSBmOy8e9qRPJ9I5rSHbH5WoaECy9s.wk1vW','Free',NULL,NULL,NULL,NULL,'UsVaWMSFDjonBWLpPI2u9qcTCxIH0zloNSD7VgkW.jpeg',1,NULL,'Individual',NULL,NULL,'email',NULL,NULL,'5',NULL,NULL,NULL,NULL,'eyJ0eXAiOiJKV1QiLCJhbGciOiJIUzI1NiJ9.eyJzdWIiOjQxLCJpc3MiOiJodHRwOi8vZGVtby1hcHBvY3RhLmNvbS9hcHB1bml0d29yay9yZWNlaXB0L3B1YmxpYy9hcGkvcmVnaXN0ZXIiLCJpYXQiOjE1MjE1NTU1OTgsImV4cCI6MTUyNDE4MzU5OCwibmJmIjoxNTIxNTU1NTk4LCJqdGkiOiI5MWhkVlNzSmtiZWt5Wk5PIn0.qR56wIxK-9HLARHgZFETneJgXjoPz1SG5sc8Nd1DbYs','2018-03-20 14:19:58',NULL,NULL,'2018-03-20 14:19:58','2018-03-20 14:19:58',NULL),
(42,'test','test',NULL,NULL,'$2y$10$Q3ZmCNgyE5NQtCMTliWqheRCT8AlzO8JJimPRzU7EEFRME1pHNlbm','Free',NULL,NULL,NULL,NULL,'sdfsfsdfsdfsdfsdf',1,NULL,'Individual',NULL,NULL,'twitter',NULL,NULL,'5',NULL,NULL,NULL,NULL,NULL,NULL,NULL,NULL,'2018-03-20 17:32:20','2018-03-20 17:32:20',NULL),
(43,'test','test',NULL,NULL,'$2y$10$tKfN2JUBAfET1LsqceIu4eokwQfk3246YLxcXgWsaGx.r9WZbXpMG','Free',NULL,NULL,NULL,NULL,'sdfsfsdfsdfsdfsdf',1,NULL,'Individual',NULL,NULL,'twitter',NULL,NULL,'5',NULL,NULL,NULL,NULL,NULL,NULL,NULL,NULL,'2018-03-20 17:51:55','2018-03-20 17:51:55',NULL),
(44,'test','test',NULL,NULL,'$2y$10$gt0wm87Mx2v0xtAOrzca7eW3LAlgaKWgjD2J9Xws/JQVNMXBLLzzG','Free',NULL,NULL,NULL,NULL,'sdfsfsdfsdfsdfsdf',1,NULL,'Individual',NULL,NULL,'twitter',NULL,NULL,'5',NULL,NULL,NULL,NULL,'eyJ0eXAiOiJKV1QiLCJhbGciOiJIUzI1NiJ9.eyJzdWIiOjQ0LCJpc3MiOiJodHRwOi8vZGVtby1hcHBvY3RhLmNvbS9hcHB1bml0d29yay9yZWNlaXB0L3B1YmxpYy9hcGkvcmVnaXN0ZXIiLCJpYXQiOjE1MjE1Njg5NjMsImV4cCI6MTUyNDE5Njk2MywibmJmIjoxNTIxNTY4OTYzLCJqdGkiOiJjZFM1OHo2cVlPRHVaZUdKIn0.iDiyJEUSTDGtHvjh5W94jTXeXlFA-KLiNSyAn_jbMAo','2018-03-20 18:02:43',NULL,NULL,'2018-03-20 17:52:18','2018-03-20 18:02:43',NULL),
(45,'AppOcta Dev','Test',NULL,NULL,'$2y$10$MB3BUilgkDd2nJng47rhZe9sOA1DWSbDqnDLZB5vThH4xifU/bfyC','Free',NULL,NULL,NULL,NULL,'https://lh4.googleusercontent.com/-_d3REbduUfg/AAAAAAAAAAI/AAAAAAAAAAA/AGi4gfwAAXWvAVItGIj1zzobTQGOthvXvA/s96-c/photo.jpg',1,NULL,'Individual',NULL,NULL,'google',NULL,NULL,'5',NULL,NULL,NULL,NULL,NULL,NULL,NULL,NULL,'2018-03-20 18:00:52','2018-03-20 18:00:52',NULL),
(46,'AppOcta Dev','Test',NULL,NULL,'$2y$10$tm41BVudkdHbAHbCKGIBUuDJKuA5NjZJtCnkAPbllvkRhzoJunXzK','Free',NULL,NULL,NULL,NULL,'https://lh4.googleusercontent.com/-_d3REbduUfg/AAAAAAAAAAI/AAAAAAAAAAA/AGi4gfwAAXWvAVItGIj1zzobTQGOthvXvA/s96-c/photo.jpg',1,NULL,'Individual',NULL,NULL,'google',NULL,NULL,'5',NULL,NULL,NULL,NULL,NULL,NULL,NULL,NULL,'2018-03-20 18:00:53','2018-03-20 18:00:53',NULL),
(47,'AppOcta Dev','Test',NULL,NULL,'$2y$10$5t/LGW70DybAFQ6WOca7D.7YlMEjtrMMbu1y54QIC3I5kQd.rZ4ru','Free',NULL,NULL,NULL,NULL,'https://lh4.googleusercontent.com/-_d3REbduUfg/AAAAAAAAAAI/AAAAAAAAAAA/AGi4gfwAAXWvAVItGIj1zzobTQGOthvXvA/s96-c/photo.jpg',1,NULL,'Individual',NULL,NULL,'google',NULL,NULL,'5',NULL,NULL,NULL,NULL,NULL,NULL,NULL,NULL,'2018-03-20 18:10:47','2018-03-20 18:10:47',NULL),
(48,'Test','Tes',NULL,NULL,'$2y$10$Yo73mrvQwwfs4NNHIChsqe6.2zIWlOZ67bkuO.BWXewAvRfxei9oK','Free',NULL,NULL,NULL,NULL,'QezxndhL3aMdQUhJYor9SJ7EgfnvxaRbjmGOlWJX.jpeg',1,NULL,'Individual',NULL,NULL,'facebook',NULL,NULL,'5',NULL,NULL,NULL,NULL,'eyJ0eXAiOiJKV1QiLCJhbGciOiJIUzI1NiJ9.eyJzdWIiOjQ4LCJpc3MiOiJodHRwOi8vZGVtby1hcHBvY3RhLmNvbS9hcHB1bml0d29yay9yZWNlaXB0L3B1YmxpYy9hcGkvcmVnaXN0ZXIiLCJpYXQiOjE1MjE2NDY4MjIsImV4cCI6MTUyNDI3NDgyMiwibmJmIjoxNTIxNjQ2ODIyLCJqdGkiOiJ4TWRpOExNVmlqOFh4U1p0In0.IVIQx6J7B4x7g2_3KeyAYqFYmOfKpJnkNGfplq209BI','2018-03-21 15:40:22',NULL,NULL,'2018-03-20 18:12:06','2018-03-21 16:01:13',NULL),
(49,'Test','Tes',NULL,NULL,'$2y$10$FrOq7pHzu94Hcdv7Jjc0N.S0CZAMoPTPl84g52fEPIyBuILPC4AoS','Free',NULL,NULL,NULL,NULL,'dummy',1,NULL,'Individual',NULL,NULL,'twitter',NULL,NULL,'5',NULL,NULL,NULL,NULL,'eyJ0eXAiOiJKV1QiLCJhbGciOiJIUzI1NiJ9.eyJzdWIiOjQ5LCJpc3MiOiJodHRwOi8vZGVtby1hcHBvY3RhLmNvbS9hcHB1bml0d29yay9yZWNlaXB0L3B1YmxpYy9hcGkvcmVnaXN0ZXIiLCJpYXQiOjE1MjE1Njk5MDcsImV4cCI6MTUyNDE5NzkwNywibmJmIjoxNTIxNTY5OTA3LCJqdGkiOiJkbWhuWDEwUXpyQTE5MFdsIn0.EAePk5l6PNZf3E3IzGFiV5u-xa7SrJT87eFxfvwESdY','2018-03-20 18:18:27',NULL,NULL,'2018-03-20 18:12:21','2018-03-20 18:18:27',NULL),
(50,'AppOcta Dev','Test',NULL,NULL,'$2y$10$F8mH5UI9J2OI.LrN7hEqLOtlXqztUngpto60Nukcs14eQUP7DLd22','Free',NULL,NULL,NULL,NULL,'dummy',1,NULL,'Individual',NULL,NULL,'google',NULL,NULL,'5',NULL,NULL,NULL,NULL,NULL,NULL,NULL,NULL,'2018-03-20 18:18:44','2018-03-20 18:18:44',NULL),
(51,'AppOcta Dev','Test',NULL,NULL,'$2y$10$ZonqTMWlqw3Lec74Ra0jk.ab0Zj1jcC92DCQb5ZrJNuVX8BnITisq','Free',NULL,NULL,NULL,NULL,'dummy',1,NULL,'Individual',NULL,NULL,'google',NULL,NULL,'5',NULL,NULL,NULL,NULL,NULL,NULL,NULL,NULL,'2018-03-20 18:19:53','2018-03-20 18:19:53',NULL),
(52,'Muhammed Farhan','Test',NULL,NULL,'$2y$10$BaUEa09fkXShvWZaAvRWOe00zpXnXcmcW5G1z5hwjqhe27qgYWGCy','Free',NULL,NULL,NULL,NULL,'dummy',1,NULL,'Individual',NULL,NULL,'google',NULL,NULL,'5',NULL,NULL,NULL,NULL,NULL,NULL,NULL,NULL,'2018-03-21 06:17:18','2018-03-21 06:17:18',NULL),
(53,NULL,NULL,NULL,NULL,'$2y$10$3diLno1Jqpv3PeOt2J5yiuW6zEL38zu/Mlcxw4FJXBRL0XvQLIuI2','Free',NULL,NULL,NULL,NULL,'/tmp/php26ws35',1,NULL,'Individual',NULL,NULL,'twitter',NULL,NULL,'5',NULL,NULL,NULL,NULL,'eyJ0eXAiOiJKV1QiLCJhbGciOiJIUzI1NiJ9.eyJzdWIiOjUzLCJpc3MiOiJodHRwOi8vZGVtby1hcHBvY3RhLmNvbS9hcHB1bml0d29yay9yZWNlaXB0L3B1YmxpYy9hcGkvcmVnaXN0ZXIiLCJpYXQiOjE1MjE2MTMxOTAsImV4cCI6MTUyNDI0MTE5MCwibmJmIjoxNTIxNjEzMTkwLCJqdGkiOiJoVGxzeGFsUW9uVjluQU1wIn0.MZ1YazcpQyIuYMVAFXTT1XN0mt0BDMkWvGyq1RCBMuU','2018-03-21 06:19:50',NULL,NULL,'2018-03-21 06:18:36','2018-03-21 06:19:50',NULL),
(54,'Muhammed Farhan','Test',NULL,NULL,'$2y$10$OW3jwlRYd5Duw..vaYw3G.hFKJg8nTIWQeBZkopSBGlsbhqlv6bQm','Free',NULL,NULL,NULL,NULL,'8Vw273fqEyNbOWgMidzng9zbTpJflfp6fuhPitSj.png',1,NULL,'Individual',NULL,NULL,'google',NULL,NULL,'5',NULL,NULL,NULL,NULL,'eyJ0eXAiOiJKV1QiLCJhbGciOiJIUzI1NiJ9.eyJzdWIiOjU0LCJpc3MiOiJodHRwOi8vZGVtby1hcHBvY3RhLmNvbS9hcHB1bml0d29yay9yZWNlaXB0L3B1YmxpYy9hcGkvcmVnaXN0ZXIiLCJpYXQiOjE1MjE2MzM1OTIsImV4cCI6MTUyNDI2MTU5MiwibmJmIjoxNTIxNjMzNTkyLCJqdGkiOiJncE9TZmdjZGFDOXV0NzNHIn0.95CtTHzus35HVNB9sVAdKy1NJjLQcgshFiQO_s-Jyg0','2018-03-21 11:59:52',NULL,NULL,'2018-03-21 06:21:14','2018-03-21 11:59:52',NULL),
(55,NULL,NULL,NULL,NULL,'$2y$10$SHCFO.BsteUsDWMy28mysOyp9kuMgsHI1VrCgoaNC7tPpu40D327.','Free',NULL,NULL,NULL,NULL,'/tmp/phpssZvpB',1,NULL,'Individual',NULL,NULL,'google',NULL,NULL,'5',NULL,NULL,NULL,NULL,'eyJ0eXAiOiJKV1QiLCJhbGciOiJIUzI1NiJ9.eyJzdWIiOjU1LCJpc3MiOiJodHRwOi8vZGVtby1hcHBvY3RhLmNvbS9hcHB1bml0d29yay9yZWNlaXB0L3B1YmxpYy9hcGkvcmVnaXN0ZXIiLCJpYXQiOjE1MjE2MTMzNDksImV4cCI6MTUyNDI0MTM0OSwibmJmIjoxNTIxNjEzMzQ5LCJqdGkiOiJ6UEZwQzFYZnozMWdNTEl6In0.w46xD-uWdxhaWad-1ZejX-Qx2G9h2wruizYlv9gtcUo','2018-03-21 06:22:29',NULL,NULL,'2018-03-21 06:22:00','2018-03-21 06:22:29',NULL),
(56,NULL,NULL,NULL,NULL,'$2y$10$Sq5yMwYnoj9UyC3G5tSVPeiSiwgxgw0tDUpLT5LMv9R5OfFqrka0y','Free',NULL,NULL,NULL,NULL,'/tmp/phpXNmIrZ',1,NULL,'Individual',NULL,NULL,'facebook',NULL,NULL,'5',NULL,NULL,NULL,NULL,'eyJ0eXAiOiJKV1QiLCJhbGciOiJIUzI1NiJ9.eyJzdWIiOjU2LCJpc3MiOiJodHRwOi8vZGVtby1hcHBvY3RhLmNvbS9hcHB1bml0d29yay9yZWNlaXB0L3B1YmxpYy9hcGkvcmVnaXN0ZXIiLCJpYXQiOjE1MjE2MTQ1NjgsImV4cCI6MTUyNDI0MjU2OCwibmJmIjoxNTIxNjE0NTY4LCJqdGkiOiJickJZZHFOMFZpbDdhRTVvIn0.0VSrvvcpMNoU70TDB9H0KTFrZgR4B8dkY6kL2w0qr1s','2018-03-21 06:42:48',NULL,NULL,'2018-03-21 06:22:58','2018-03-21 06:42:48',NULL),
(57,'test','test','testing_mk2121@test.com','mk2','$2y$10$XFi43v6H5kFhlOnEMrF7DuKbzuXCf.Emp3gXpqlG8li/O.R0Dbw1y','Free',NULL,NULL,NULL,NULL,'uzQ6mcioslhMBMXSoBeV1BNnK42BW1v337RIXF3e.jpeg',1,NULL,'Individual',NULL,NULL,'email',NULL,NULL,'5',NULL,NULL,NULL,NULL,'eyJ0eXAiOiJKV1QiLCJhbGciOiJIUzI1NiJ9.eyJzdWIiOjU3LCJpc3MiOiJodHRwOi8vZGVtby1hcHBvY3RhLmNvbS9hcHB1bml0d29yay9yZWNlaXB0L3B1YmxpYy9hcGkvcmVnaXN0ZXIiLCJpYXQiOjE1MjE2MTM0NTIsImV4cCI6MTUyNDI0MTQ1MiwibmJmIjoxNTIxNjEzNDUyLCJqdGkiOiI1RGY0VTVOZlgyT3lWYndzIn0.JleOPab3x5wWMf2_t1Qz4lA6eFe-QB2qQ0kxGKNid3M','2018-03-21 06:24:12',NULL,NULL,'2018-03-21 06:24:12','2018-03-21 06:24:12',NULL),
(58,NULL,NULL,NULL,NULL,'$2y$10$VwuUuw98RYaOdI63aiyG.O/DuCrUu3l.0kwy3iGmXPrEHEPpHOSHu','Free',NULL,NULL,NULL,NULL,'sdf',1,NULL,'Individual',NULL,NULL,'google',NULL,NULL,'5',NULL,NULL,NULL,NULL,'eyJ0eXAiOiJKV1QiLCJhbGciOiJIUzI1NiJ9.eyJzdWIiOjU4LCJpc3MiOiJodHRwOi8vZGVtby1hcHBvY3RhLmNvbS9hcHB1bml0d29yay9yZWNlaXB0L3B1YmxpYy9hcGkvcmVnaXN0ZXIiLCJpYXQiOjE1MjE2MTM4MTAsImV4cCI6MTUyNDI0MTgxMCwibmJmIjoxNTIxNjEzODEwLCJqdGkiOiJKeGhUUWVYOFFlc0pNbHZvIn0.FQy3H3haL2M4-YtKOKtYsiEEngSAxr9NQ9EfQ_F1vZE','2018-03-21 06:30:10',NULL,NULL,'2018-03-21 06:28:00','2018-03-21 06:30:10',NULL),
(59,'test','test',NULL,NULL,'$2y$10$XliRkBmnxmqOSE4eplpkxeyd4mchGJ9AmaIFsmFsiJXZCj.LwSFqC','Free',NULL,NULL,NULL,NULL,'sdf',1,NULL,'Individual',NULL,NULL,'google',NULL,NULL,'5',NULL,NULL,NULL,NULL,'eyJ0eXAiOiJKV1QiLCJhbGciOiJIUzI1NiJ9.eyJzdWIiOjU5LCJpc3MiOiJodHRwOi8vZGVtby1hcHBvY3RhLmNvbS9hcHB1bml0d29yay9yZWNlaXB0L3B1YmxpYy9hcGkvcmVnaXN0ZXIiLCJpYXQiOjE1MjE2MTU2ODcsImV4cCI6MTUyNDI0MzY4NywibmJmIjoxNTIxNjE1Njg3LCJqdGkiOiJoZTlRMXVIUG8wYTd0SFZMIn0.l-dxIIkEf_31yhgk2HpdBnrKQQ_zxFXBkqTctP_PN2w','2018-03-21 07:01:27',NULL,NULL,'2018-03-21 06:30:14','2018-03-21 07:01:27',NULL),
(60,'test','test',NULL,NULL,'$2y$10$2lKS4xJrF08AXSEuoStgreheEvkRP4N.x9ZxnO2FmnGR4h6WuZy8.','Free',NULL,NULL,NULL,NULL,'sdf',1,NULL,'Individual',NULL,NULL,'twitter',NULL,NULL,'5',NULL,NULL,NULL,NULL,'eyJ0eXAiOiJKV1QiLCJhbGciOiJIUzI1NiJ9.eyJzdWIiOjYwLCJpc3MiOiJodHRwOi8vZGVtby1hcHBvY3RhLmNvbS9hcHB1bml0d29yay9yZWNlaXB0L3B1YmxpYy9hcGkvcmVnaXN0ZXIiLCJpYXQiOjE1MjE2MTQ5OTcsImV4cCI6MTUyNDI0Mjk5NywibmJmIjoxNTIxNjE0OTk3LCJqdGkiOiJnY0NUR3daTHdXRm5Kd1QwIn0.CQiVgAsuR3QzIqUEuXyidgCt4xKorvxOrcCwhR_txyw','2018-03-21 06:49:57',NULL,NULL,'2018-03-21 06:30:38','2018-03-21 06:49:57',NULL),
(61,'test','test',NULL,NULL,'$2y$10$IaVYNCqOzjwjXSdOxLJ2QO1bea6gUwwnfDrk6U5Hdwu/eY1Q3u1de','Free',NULL,NULL,NULL,NULL,'sdf',1,NULL,'Individual',NULL,NULL,'facebook',NULL,NULL,'5',NULL,NULL,NULL,NULL,'eyJ0eXAiOiJKV1QiLCJhbGciOiJIUzI1NiJ9.eyJzdWIiOjYxLCJpc3MiOiJodHRwOi8vZGVtby1hcHBvY3RhLmNvbS9hcHB1bml0d29yay9yZWNlaXB0L3B1YmxpYy9hcGkvcmVnaXN0ZXIiLCJpYXQiOjE1MjE2MTM4NTAsImV4cCI6MTUyNDI0MTg1MCwibmJmIjoxNTIxNjEzODUwLCJqdGkiOiJFamNlbDE5M2ZJQzdubU55In0.-Rf6mjs_sVNIjTqKUjpw7pXxsTtyqXfV8OxO6B_axe8','2018-03-21 06:30:50',NULL,NULL,'2018-03-21 06:30:50','2018-03-21 06:30:50',NULL),
(62,'test','test','testing_m121@test.com','mk2','$2y$10$25gFZOxEbdhvjfq1nTuoKunFhogmsuBuftaYxuLMeo12YrzzLFTv.','Free',NULL,NULL,NULL,NULL,NULL,1,NULL,'Individual',NULL,NULL,'email',NULL,NULL,'5',NULL,NULL,NULL,NULL,'eyJ0eXAiOiJKV1QiLCJhbGciOiJIUzI1NiJ9.eyJzdWIiOjYyLCJpc3MiOiJodHRwOi8vZGVtby1hcHBvY3RhLmNvbS9hcHB1bml0d29yay9yZWNlaXB0L3B1YmxpYy9hcGkvcmVnaXN0ZXIiLCJpYXQiOjE1MjE2MTQ0MTgsImV4cCI6MTUyNDI0MjQxOCwibmJmIjoxNTIxNjE0NDE4LCJqdGkiOiJVRmUwa1dKQjdFaU4xS09GIn0.UnitG3XyT9CTBqNOHOhHjNdV3O2a3RVC2zmMoOeXrlE','2018-03-21 06:40:18',NULL,NULL,'2018-03-21 06:40:18','2018-03-21 06:40:18',NULL),
(63,'test','test','testing_m3121@test.com','mk2','$2y$10$.ud6/XRgp2hGbtNo5qk9Je67dEWNM1U1kqpOuat9vi9DOJ9X/F3Sq','Free',NULL,NULL,NULL,NULL,NULL,1,NULL,'Individual',NULL,NULL,'email',NULL,NULL,'5',NULL,NULL,NULL,NULL,'eyJ0eXAiOiJKV1QiLCJhbGciOiJIUzI1NiJ9.eyJzdWIiOjYzLCJpc3MiOiJodHRwOi8vZGVtby1hcHBvY3RhLmNvbS9hcHB1bml0d29yay9yZWNlaXB0L3B1YmxpYy9hcGkvcmVnaXN0ZXIiLCJpYXQiOjE1MjE2MTQ1MDUsImV4cCI6MTUyNDI0MjUwNSwibmJmIjoxNTIxNjE0NTA1LCJqdGkiOiI3MnVqWm1KVkNnamFEVllJIn0.RVvd3wdJTLZN8dlGasx4Kl5vvIaTRE41CDzoAyS2F1k','2018-03-21 06:41:45',NULL,NULL,'2018-03-21 06:41:45','2018-03-21 06:41:45',NULL),
(64,NULL,NULL,NULL,NULL,'$2y$10$PldaCceF.tn4/D6T4GsqIe6dE81R5m/Da4bXFC.5HF.CHUMFN8waO','Free',NULL,NULL,NULL,NULL,NULL,1,NULL,'Individual',NULL,NULL,'facebook',NULL,NULL,'5',NULL,NULL,NULL,NULL,'eyJ0eXAiOiJKV1QiLCJhbGciOiJIUzI1NiJ9.eyJzdWIiOjY0LCJpc3MiOiJodHRwOi8vZGVtby1hcHBvY3RhLmNvbS9hcHB1bml0d29yay9yZWNlaXB0L3B1YmxpYy9hcGkvcmVnaXN0ZXIiLCJpYXQiOjE1MjE2MTQ2OTgsImV4cCI6MTUyNDI0MjY5OCwibmJmIjoxNTIxNjE0Njk4LCJqdGkiOiJwdnlBMENkWUgwZWVZRGg3In0.n1o5nmoFgOBhvqw-Wxsk0rLyLKWkv3sl1vvXIllp1i8','2018-03-21 06:44:58',NULL,NULL,'2018-03-21 06:43:02','2018-03-21 06:44:58',NULL),
(65,NULL,NULL,NULL,NULL,'$2y$10$tuGy.jHnkfBMG2qHSyO1qetaGZqDn5fzZHOJncLsMzQps6WjxmLfe','Free',NULL,NULL,NULL,NULL,NULL,1,NULL,'Individual',NULL,NULL,'facebook',NULL,NULL,'5',NULL,NULL,NULL,NULL,'eyJ0eXAiOiJKV1QiLCJhbGciOiJIUzI1NiJ9.eyJzdWIiOjY1LCJpc3MiOiJodHRwOi8vZGVtby1hcHBvY3RhLmNvbS9hcHB1bml0d29yay9yZWNlaXB0L3B1YmxpYy9hcGkvcmVnaXN0ZXIiLCJpYXQiOjE1MjE2MTUyMTIsImV4cCI6MTUyNDI0MzIxMiwibmJmIjoxNTIxNjE1MjEyLCJqdGkiOiJIMFBvN1N0VHNrbzRBM2RsIn0.1onU_mzVrARO2SuSAn6QSsgOh7GPjGYMxnEy9FRZL1Y','2018-03-21 06:53:32',NULL,NULL,'2018-03-21 06:45:16','2018-03-21 06:53:32',NULL),
(66,'test','test','test121aa@test.com',NULL,'$2y$10$57ZIvEvUsYlnN/wwJZDdZ.uBeuy2xSTNOMbcqUaPR0Qe5G8kn5Sr2','Free',NULL,NULL,NULL,NULL,NULL,1,NULL,'Individual',NULL,NULL,'email',NULL,NULL,'5',NULL,NULL,NULL,NULL,'eyJ0eXAiOiJKV1QiLCJhbGciOiJIUzI1NiJ9.eyJzdWIiOjY2LCJpc3MiOiJodHRwOi8vZGVtby1hcHBvY3RhLmNvbS9hcHB1bml0d29yay9yZWNlaXB0L3B1YmxpYy9hcGkvcmVnaXN0ZXIiLCJpYXQiOjE1MjE2MTQ4NDcsImV4cCI6MTUyNDI0Mjg0NywibmJmIjoxNTIxNjE0ODQ3LCJqdGkiOiJ2QXZhSjdsUGVtTE5qM2k3In0._Bn_0W3OsAV5pOh0Hi4bGqHjonM6fqF7gC4TM7PMv6s','2018-03-21 06:47:27',NULL,NULL,'2018-03-21 06:47:27','2018-03-21 06:47:27',NULL),
(67,'test','test','aasas@test.com',NULL,'$2y$10$zm8rIYq3P60vl556mn9A6OCDUOl64x6cngksOH14ioNYVOTBNkC3G','Free',NULL,NULL,NULL,NULL,NULL,1,NULL,'Individual',NULL,NULL,'email',NULL,NULL,'5',NULL,NULL,NULL,NULL,'eyJ0eXAiOiJKV1QiLCJhbGciOiJIUzI1NiJ9.eyJzdWIiOjY3LCJpc3MiOiJodHRwOi8vZGVtby1hcHBvY3RhLmNvbS9hcHB1bml0d29yay9yZWNlaXB0L3B1YmxpYy9hcGkvcmVnaXN0ZXIiLCJpYXQiOjE1MjE2MTQ5NzIsImV4cCI6MTUyNDI0Mjk3MiwibmJmIjoxNTIxNjE0OTcyLCJqdGkiOiJ2WjdsWjAzMkE2bVZYOHFnIn0.sNM2S39UBhu8MwrPf96Vz6iuT1A0Z0DA2bWWaR0atO0','2018-03-21 06:49:32',NULL,NULL,'2018-03-21 06:49:32','2018-03-21 06:49:32',NULL),
(68,'test','test','aasdfsas@test.com',NULL,'$2y$10$u6ocqjaIGwjvl4dz01PPveEpRyjsV2WMNw6cAvg.Uxthcl3q.DNdK','Free',NULL,NULL,NULL,NULL,NULL,1,NULL,'Individual',NULL,NULL,'email',NULL,NULL,'5',NULL,NULL,NULL,NULL,'eyJ0eXAiOiJKV1QiLCJhbGciOiJIUzI1NiJ9.eyJzdWIiOjY4LCJpc3MiOiJodHRwOi8vZGVtby1hcHBvY3RhLmNvbS9hcHB1bml0d29yay9yZWNlaXB0L3B1YmxpYy9hcGkvcmVnaXN0ZXIiLCJpYXQiOjE1MjE2MTUyNTYsImV4cCI6MTUyNDI0MzI1NiwibmJmIjoxNTIxNjE1MjU2LCJqdGkiOiJUMEdXTlFqTUxoT0tlRk5EIn0.kulbGn8O05yNFSfu1pxTLyAuU3NROit7M_JCtDF4Hno','2018-03-21 06:54:16',NULL,NULL,'2018-03-21 06:54:16','2018-03-21 06:54:16',NULL),
(69,'ajeeb','masla','ajeeb@masla.com',NULL,'$2y$10$c6pJ8MNW0YJz.xXo6Hp5x.hRHx6YoS.BJgVXaC2aJwuzu.4WRhEtu','Free',NULL,NULL,NULL,NULL,NULL,1,NULL,'Individual',NULL,NULL,'email',NULL,NULL,'5',NULL,NULL,NULL,NULL,'eyJ0eXAiOiJKV1QiLCJhbGciOiJIUzI1NiJ9.eyJzdWIiOjY5LCJpc3MiOiJodHRwOi8vZGVtby1hcHBvY3RhLmNvbS9hcHB1bml0d29yay9yZWNlaXB0L3B1YmxpYy9hcGkvbG9naW4iLCJpYXQiOjE1MjE2MTU0ODksImV4cCI6MTUyNDI0MzQ4OSwibmJmIjoxNTIxNjE1NDg5LCJqdGkiOiJQNlpucWhycDMxMkN0UDY2In0.6O9XBEZfXhCI3GmLxoiwxqC1lkimrPO8OA-8h3CPl0U','2018-03-21 06:58:09',NULL,NULL,'2018-03-21 06:57:45','2018-03-21 06:58:09',NULL),
(70,'appocta','developer',NULL,NULL,'$2y$10$UyExGoXoFwrrchRVGJ2up.CoBGI9Uy5vuUqDxddiR81wzWkwRG5l.','Free',NULL,NULL,NULL,NULL,'oSOTsqWLC5wncMojYlAaNN80XqIQwAubkoxIOjxg.jpeg',1,NULL,'Individual',NULL,NULL,'twitter',NULL,NULL,'5',NULL,NULL,NULL,NULL,'eyJ0eXAiOiJKV1QiLCJhbGciOiJIUzI1NiJ9.eyJzdWIiOjcwLCJpc3MiOiJodHRwOi8vZGVtby1hcHBvY3RhLmNvbS9hcHB1bml0d29yay9yZWNlaXB0L3B1YmxpYy9hcGkvcmVnaXN0ZXIiLCJpYXQiOjE1MjE2MzUwMTIsImV4cCI6MTUyNDI2MzAxMiwibmJmIjoxNTIxNjM1MDEyLCJqdGkiOiJYMnRVZkRQUnVJSWNBQUhUIn0.YYCPuc92I7LrW0f9RfI5S-KHXqKHWI6T9bwdZnW-pv8','2018-03-21 12:23:32',NULL,NULL,'2018-03-21 07:00:48','2018-03-21 12:23:32',NULL),
(71,'test','test',NULL,NULL,'$2y$10$dcG6YJAy.r04/xoWQHyFQeRLuXEOur8u5AsYFIstK2ZBNQvsyWLey','Free',NULL,NULL,NULL,NULL,'sdf',1,NULL,'Individual',NULL,NULL,'google',NULL,NULL,'5',NULL,NULL,NULL,NULL,'eyJ0eXAiOiJKV1QiLCJhbGciOiJIUzI1NiJ9.eyJzdWIiOjcxLCJpc3MiOiJodHRwOi8vZGVtby1hcHBvY3RhLmNvbS9hcHB1bml0d29yay9yZWNlaXB0L3B1YmxpYy9hcGkvcmVnaXN0ZXIiLCJpYXQiOjE1MjE2MTU3MDIsImV4cCI6MTUyNDI0MzcwMiwibmJmIjoxNTIxNjE1NzAyLCJqdGkiOiJ0TGRZdHk2aTZXN1RCWHhQIn0.-lxm5PMyxTKDa7VuCielTsUFlW6FCSMqAFYb9Bxs8kQ','2018-03-21 07:01:42',NULL,NULL,'2018-03-21 07:01:32','2018-03-21 07:01:42',NULL),
(72,'test',NULL,NULL,NULL,'$2y$10$S/Aj50xjcHBXvOo5Cbia9eomk5o/wqnLMKYMqSKDOmnkiErNV64zC','Free',NULL,NULL,NULL,NULL,'sdf',1,NULL,'Individual',NULL,NULL,'google',NULL,NULL,'5',NULL,NULL,NULL,NULL,'eyJ0eXAiOiJKV1QiLCJhbGciOiJIUzI1NiJ9.eyJzdWIiOjcyLCJpc3MiOiJodHRwOi8vZGVtby1hcHBvY3RhLmNvbS9hcHB1bml0d29yay9yZWNlaXB0L3B1YmxpYy9hcGkvcmVnaXN0ZXIiLCJpYXQiOjE1MjE2MTU3MDcsImV4cCI6MTUyNDI0MzcwNywibmJmIjoxNTIxNjE1NzA3LCJqdGkiOiJ0eHBCYjhqSUtTT1RaY1dxIn0.FaasKKv0r50xj9Sm_5XLCsPaw7xgmbXRBRgdEDDdnUs','2018-03-21 07:01:47',NULL,NULL,'2018-03-21 07:01:47','2018-03-21 07:01:47',NULL),
(73,'naya','pm','naya@pm.com',NULL,'$2y$10$CdKf0bRnEZFyId9qWSG/jOdegD7AhhvnY0dShr.BIlN9SedRNiZTO','Free',NULL,NULL,NULL,NULL,NULL,1,NULL,'Individual',NULL,NULL,'email',NULL,NULL,'5',NULL,NULL,NULL,NULL,'eyJ0eXAiOiJKV1QiLCJhbGciOiJIUzI1NiJ9.eyJzdWIiOjczLCJpc3MiOiJodHRwOi8vZGVtby1hcHBvY3RhLmNvbS9hcHB1bml0d29yay9yZWNlaXB0L3B1YmxpYy9hcGkvbG9naW4iLCJpYXQiOjE1MjE2MTc5MDIsImV4cCI6MTUyNDI0NTkwMiwibmJmIjoxNTIxNjE3OTAyLCJqdGkiOiI0aWxubFFER3ZmUVROc0o2In0.GKpQp7IwOXTdGMXtM0w2CRY1v-nFb_uTtKQz29PWoIQ','2018-03-21 07:38:22',NULL,NULL,'2018-03-21 07:38:08','2018-03-21 07:38:22',NULL),
(74,'mad','man','mad@man.com',NULL,'$2y$10$HUOYIlaUbJU24FjJ4LCfuO1bpv9IoVoAf3bGO77uDu0aDUza/3jJC','Free',NULL,NULL,NULL,NULL,NULL,1,NULL,'Individual',NULL,NULL,'email',NULL,NULL,'5',NULL,NULL,NULL,NULL,'eyJ0eXAiOiJKV1QiLCJhbGciOiJIUzI1NiJ9.eyJzdWIiOjc0LCJpc3MiOiJodHRwOi8vZGVtby1hcHBvY3RhLmNvbS9hcHB1bml0d29yay9yZWNlaXB0L3B1YmxpYy9hcGkvbG9naW4iLCJpYXQiOjE1MjE2MTgwODksImV4cCI6MTUyNDI0NjA4OSwibmJmIjoxNTIxNjE4MDg5LCJqdGkiOiJGeWJJaUhxb2dGMExWMlFUIn0.2aL6nAJ474z8x-FdMXoFEQ4TTT-nVbsKUc8-NOkEDMI','2018-03-21 07:41:29',NULL,NULL,'2018-03-21 07:41:14','2018-03-21 07:41:29',NULL),
(75,'uuvvh','hchv','r@r.com',NULL,'$2y$10$VddQASHMMRw762k7faT/neHn1csgFIYKQ2GnN8IqT5yoxhsHgPufm','Free',NULL,NULL,NULL,NULL,NULL,1,NULL,'Individual',NULL,NULL,'email',NULL,NULL,'5',NULL,NULL,NULL,NULL,'eyJ0eXAiOiJKV1QiLCJhbGciOiJIUzI1NiJ9.eyJzdWIiOjc1LCJpc3MiOiJodHRwOi8vZGVtby1hcHBvY3RhLmNvbS9hcHB1bml0d29yay9yZWNlaXB0L3B1YmxpYy9hcGkvbG9naW4iLCJpYXQiOjE1MjE2MTg4NTYsImV4cCI6MTUyNDI0Njg1NiwibmJmIjoxNTIxNjE4ODU2LCJqdGkiOiJvQktjY0Y3MnQ2ZnltRE1YIn0.9MSpNGxNlcB2NABoIvVgWSMTwYOVdoLewPsuT-accno','2018-03-21 07:54:16',NULL,NULL,'2018-03-21 07:54:03','2018-03-21 07:54:16',NULL),
(76,'sjjdjd','djjxjdjdj','s@s.com',NULL,'$2y$10$edB8kru8lHyPZfxpiyUTeeTW2lxsZ7GBB9SA1hkbe/r0sy3Edj0Be','Free',NULL,NULL,NULL,NULL,NULL,1,NULL,'Individual',NULL,NULL,'email',NULL,NULL,'5',NULL,NULL,NULL,NULL,'eyJ0eXAiOiJKV1QiLCJhbGciOiJIUzI1NiJ9.eyJzdWIiOjc2LCJpc3MiOiJodHRwOi8vZGVtby1hcHBvY3RhLmNvbS9hcHB1bml0d29yay9yZWNlaXB0L3B1YmxpYy9hcGkvbG9naW4iLCJpYXQiOjE1MjE2MjE3MzIsImV4cCI6MTUyNDI0OTczMiwibmJmIjoxNTIxNjIxNzMyLCJqdGkiOiJFaUVFZmg1S2hiRmJVc0JuIn0.09vScM3KpYYlDwnWUF4cJnb110LPeHcVp-z3HLloPpg','2018-03-21 08:42:12',NULL,NULL,'2018-03-21 08:41:59','2018-03-21 08:42:12',NULL),
(77,'fuhf','xhhf','a@a.comp',NULL,'$2y$10$v.6Vew.g9BlkOSYY5yJURO6AYgCexEfNjWDuf8TpwThyae44WMR7i','Free',NULL,NULL,NULL,NULL,NULL,1,NULL,'Individual',NULL,NULL,'email',NULL,NULL,'5',NULL,NULL,NULL,NULL,'eyJ0eXAiOiJKV1QiLCJhbGciOiJIUzI1NiJ9.eyJzdWIiOjc3LCJpc3MiOiJodHRwOi8vZGVtby1hcHBvY3RhLmNvbS9hcHB1bml0d29yay9yZWNlaXB0L3B1YmxpYy9hcGkvbG9naW4iLCJpYXQiOjE1MjE2MjE5ODUsImV4cCI6MTUyNDI0OTk4NSwibmJmIjoxNTIxNjIxOTg1LCJqdGkiOiJ0NGFKSUk0ZlQ1d2lWT0lRIn0.qWwyerRkyPzmMjPe_V5BtoY6Vdt9XaHPe8vLSqrXHNI','2018-03-21 08:46:25',NULL,NULL,'2018-03-21 08:46:11','2018-03-21 08:46:25',NULL),
(78,'dnndj','xnjxjx','e@e.com',NULL,'$2y$10$pcZy40P0Gs2/gWyiHxtU3uBRVG/b9rj3jiqGHbMyNbC9cpu2fZqDa','Free',NULL,NULL,NULL,NULL,NULL,1,NULL,'Individual',NULL,NULL,'email',NULL,NULL,'5',NULL,NULL,NULL,NULL,'eyJ0eXAiOiJKV1QiLCJhbGciOiJIUzI1NiJ9.eyJzdWIiOjc4LCJpc3MiOiJodHRwOi8vZGVtby1hcHBvY3RhLmNvbS9hcHB1bml0d29yay9yZWNlaXB0L3B1YmxpYy9hcGkvbG9naW4iLCJpYXQiOjE1MjE2MjIyMTcsImV4cCI6MTUyNDI1MDIxNywibmJmIjoxNTIxNjIyMjE3LCJqdGkiOiI0ZUh1MjR3YXdsZWFERE5zIn0.CBxsOEXrPtDBO0C3wQLFUXZg7QsSek9wjHO3zoIm_4c','2018-03-21 08:50:17',NULL,NULL,'2018-03-21 08:50:04','2018-03-21 08:50:17',NULL),
(79,'jvnv','cbcbjc','y@y.com',NULL,'$2y$10$rlChJ5Ts.2MuyXvRq6Rdy.6GAV/J4C.dNdVIVsZ2IQuPaL6I.iXmS','Free',NULL,NULL,NULL,NULL,NULL,1,NULL,'Individual',NULL,NULL,'email',NULL,NULL,'5',NULL,NULL,NULL,NULL,'eyJ0eXAiOiJKV1QiLCJhbGciOiJIUzI1NiJ9.eyJzdWIiOjc5LCJpc3MiOiJodHRwOi8vZGVtby1hcHBvY3RhLmNvbS9hcHB1bml0d29yay9yZWNlaXB0L3B1YmxpYy9hcGkvbG9naW4iLCJpYXQiOjE1MjE2MjUwNDIsImV4cCI6MTUyNDI1MzA0MiwibmJmIjoxNTIxNjI1MDQyLCJqdGkiOiI5MnZGTkdEUlNKV1dHOEZtIn0.5U1OSL1ZR4mdgQlfWyQ_Qks4fUmSCg6K0Kv_o4gpeug','2018-03-21 09:37:22',NULL,NULL,'2018-03-21 09:36:47','2018-03-21 09:37:22',NULL),
(80,'owais','rehman','owais@owais.com',NULL,'$2y$10$Buh.Fs8x2OVi0hERbbvdN.wvvlp9KKnjB6ntjtjNl12TB255G8oZW','Free',NULL,NULL,NULL,NULL,'pdxvkpw1pcomJw5X7S8SJ8MdQsCSGWznDgn1UrbG.png',1,NULL,'Individual',NULL,NULL,'email',NULL,NULL,'5',NULL,NULL,NULL,NULL,'eyJ0eXAiOiJKV1QiLCJhbGciOiJIUzI1NiJ9.eyJzdWIiOjgwLCJpc3MiOiJodHRwOi8vZGVtby1hcHBvY3RhLmNvbS9hcHB1bml0d29yay9yZWNlaXB0L3B1YmxpYy9hcGkvbG9naW4iLCJpYXQiOjE1MjE2MzQwNTgsImV4cCI6MTUyNDI2MjA1OCwibmJmIjoxNTIxNjM0MDU4LCJqdGkiOiJPRWNsU3NFZXFEUjVqbHRPIn0.tIQl78Iz6cD5Hw8j6Dgo3TQ67WJU3kl4sMlNAlivM3Q','2018-03-21 12:07:38',NULL,NULL,'2018-03-21 09:47:28','2018-03-21 12:09:21',NULL),
(81,'test','test','elyxhee@gmail.com','mk2','$2y$10$roc1BxD9jUJixypAK6DQQ.7byIFXSGIYOOC/yASu9cOgTvguUTeAq','Free',NULL,NULL,NULL,NULL,'coyfovcy09q3VRPYUbxr8K6FI8rIEgsQoM9K02I4.jpeg',1,NULL,'Individual',NULL,NULL,'email',NULL,NULL,'5',NULL,NULL,NULL,NULL,'eyJ0eXAiOiJKV1QiLCJhbGciOiJIUzI1NiJ9.eyJzdWIiOjgxLCJpc3MiOiJodHRwOi8vZGVtby1hcHBvY3RhLmNvbS9hcHB1bml0d29yay9yZWNlaXB0L3B1YmxpYy9hcGkvbG9naW4iLCJpYXQiOjE1MjE2NDIwOTYsImV4cCI6MTUyNDI3MDA5NiwibmJmIjoxNTIxNjQyMDk2LCJqdGkiOiJ3cExZQXZ6TTJDMjFHMldDIn0.JMKpvSKk2GHtpIspioL21A1FqHqZxqKvrOwPFig-DaY','2018-03-21 14:21:36','WOflfJSIwXD8J7ce4o4XpGNGNnmAIAEvehKrUTt3oD5oJiFVSlz7Vv7k5b7u','2018-03-21 14:21:24','2018-03-21 12:35:57','2018-03-21 14:21:36',NULL),
(82,'test','test','test12@mailinator.com','mk2','$2y$10$zoPbGTNnEiyaU4kKti96KepSVmuwR/zX3VrmDpT6SxViKRu.q2Rau','Free',NULL,NULL,NULL,NULL,'2HiWzeo0J60ny404T24jJhBE4E2CZkCYo9oaTe4t.jpeg',1,NULL,'Individual',NULL,NULL,'email',NULL,NULL,'5',NULL,NULL,NULL,NULL,'eyJ0eXAiOiJKV1QiLCJhbGciOiJIUzI1NiJ9.eyJzdWIiOjgyLCJpc3MiOiJodHRwOi8vZGVtby1hcHBvY3RhLmNvbS9hcHB1bml0d29yay9yZWNlaXB0L3B1YmxpYy9hcGkvcmVnaXN0ZXIiLCJpYXQiOjE1MjE2MzgwMTEsImV4cCI6MTUyNDI2NjAxMSwibmJmIjoxNTIxNjM4MDExLCJqdGkiOiJiU2Z1YWZXSVBhS1JZYURRIn0.g2no0xLyTMuZ-wqzYQE7evzlMtXPiIawJIwHeOCm4z0','2018-03-21 13:13:31','CRkJ8Z1bxBg21n3rFzTZga6J9SVH6EkuYlQImZ2IZB9U1Is5TFCmpyZmOwWv','2018-03-21 13:32:08','2018-03-21 13:13:31','2018-03-21 13:32:08',NULL),
(83,'testingcc494','khan',NULL,NULL,'$2y$10$cg9PyoLRXbS7KMfpqcGwWOrqlUH6wfOJIcSUf1W59VBVdi7NhxiLG','Free',NULL,NULL,NULL,NULL,NULL,1,NULL,'Individual',NULL,NULL,'twitter',NULL,NULL,'5',NULL,NULL,NULL,NULL,'eyJ0eXAiOiJKV1QiLCJhbGciOiJIUzI1NiJ9.eyJzdWIiOjgzLCJpc3MiOiJodHRwOi8vZGVtby1hcHBvY3RhLmNvbS9hcHB1bml0d29yay9yZWNlaXB0L3B1YmxpYy9hcGkvcmVnaXN0ZXIiLCJpYXQiOjE1MjE2NDY3MDAsImV4cCI6MTUyNDI3NDcwMCwibmJmIjoxNTIxNjQ2NzAwLCJqdGkiOiIxb21CMW4zS3ZTZjduSTJZIn0.F629CgMhdcxA2gnRLO0dZCgeH7IUiLZnvr2La9XKMy0','2018-03-21 15:38:20',NULL,NULL,'2018-03-21 14:10:24','2018-03-21 15:38:20',NULL),
(84,'AppOcta Dev',NULL,NULL,NULL,'$2y$10$Wu3Wdz52RzR6ey.hZbW4XO/mzwRMNjDPGQrarMmcORFtAdrfKcnBK','Free',NULL,NULL,NULL,NULL,'https://lh4.googleusercontent.com/-_d3REbduUfg/AAAAAAAAAAI/AAAAAAAAAAA/AGi4gfwAAXWvAVItGIj1zzobTQGOthvXvA/s96-c/photo.jpg',1,NULL,'Individual',NULL,NULL,'google',NULL,NULL,'5',NULL,NULL,NULL,NULL,'eyJ0eXAiOiJKV1QiLCJhbGciOiJIUzI1NiJ9.eyJzdWIiOjg0LCJpc3MiOiJodHRwOi8vZGVtby1hcHBvY3RhLmNvbS9hcHB1bml0d29yay9yZWNlaXB0L3B1YmxpYy9hcGkvcmVnaXN0ZXIiLCJpYXQiOjE1MjE2NDY3MTIsImV4cCI6MTUyNDI3NDcxMiwibmJmIjoxNTIxNjQ2NzEyLCJqdGkiOiJOUGJhOVNtRDRlanVtMFhZIn0.WuLhLmopAwkHpeIiJeh8DLWEgOnKgHIXr6qxXSgGdfo','2018-03-21 15:38:32',NULL,NULL,'2018-03-21 14:11:58','2018-03-21 15:38:32',NULL),
(85,'onebxbxbxbbxbxndndmdmdmfmfmfmfndndndnndmdnfnfn','userbxbcnccnbzbxbxbdbdbdbsbbsbdbxnndmsmbcnsmdmmfmnfndndnncncnfnfnfnfnnfndndndndmmdfnd','one@user.com',NULL,'$2y$10$97P7pGbO6tR16CtoH1GCnuiCdcLKpbWhFZ3FHm4frF0e5nx00Pwxu','Free',NULL,NULL,NULL,NULL,'fCJ7oN1e1e6qOYYvoQkGjpDgf0aqAKn44lGfVQb3.jpeg',1,NULL,'Individual',NULL,NULL,'email',NULL,NULL,'5',NULL,NULL,NULL,NULL,'eyJ0eXAiOiJKV1QiLCJhbGciOiJIUzI1NiJ9.eyJzdWIiOjg1LCJpc3MiOiJodHRwOi8vZGVtby1hcHBvY3RhLmNvbS9hcHB1bml0d29yay9yZWNlaXB0L3B1YmxpYy9hcGkvbG9naW4iLCJpYXQiOjE1MjE2NDUxMzAsImV4cCI6MTUyNDI3MzEzMCwibmJmIjoxNTIxNjQ1MTMwLCJqdGkiOiJla0Ficm4yVlk3TFJrN2hqIn0.91RilQiFzfwG3YA1z34Ein8UUMWDHvwKqfjH_sFJjME','2018-03-21 15:12:10',NULL,NULL,'2018-03-21 14:17:11','2018-03-21 15:31:27',NULL);

/*!40101 SET SQL_MODE=@OLD_SQL_MODE */;
/*!40014 SET FOREIGN_KEY_CHECKS=@OLD_FOREIGN_KEY_CHECKS */;
/*!40014 SET UNIQUE_CHECKS=@OLD_UNIQUE_CHECKS */;
/*!40111 SET SQL_NOTES=@OLD_SQL_NOTES */;
